x,y,z,phi,theta,psi,u,v,w,p,q,r
1.9996206345602778,2.9995906032945,1.999238388059798,-0.0009518208426982901,0.47875167493333104,0.001175545427343385,0.00016690656901622837,-0.008138422899460184,-0.016971381421702902,-0.029974849222340057,-0.4048161650649841,0.02043143819110791
1.997826974883585,2.9979970867111154,1.9968007961792678,-0.004189729247855079,0.42284448171549527,0.005760668430848062,-0.011893293673339229,-0.023376447557040114,-0.04243493047283184,-0.07436361786719656,-0.6772651001453676,0.05886335517315777
1.9935070795212835,2.9945039179517803,1.9922670517795098,-0.010291483235281075,0.3475939753125341,0.01552938390492647,-0.03538944533083272,-0.0445879108567897,-0.07429401604484161,-0.12049221688747863,-0.8009250149254781,0.11014156127115216
1.9859633946836375,2.9884182144287483,1.9850539455384102,-0.019519024321208847,0.2651523165269547,0.031442370910813255,-0.06822870284224447,-0.07060783671766796,-0.11051466461126877,-0.15967327766107764,-0.8340168119936628,0.16618110580924475
1.9749282713350524,2.979050000322763,1.9745026200146798,-0.03194385757559139,0.1823380223333711,0.05353062811309147,-0.10831299636086217,-0.10030081918684162,-0.14937261741762853,-0.1872504612255284,-0.819743467000357,0.21772417924703621
1.9605052750906244,2.9657227297259308,1.960000389133214,-0.047428097090695044,0.10293725590568911,0.08099556205462793,-0.15367983352895906,-0.13261430822463285,-0.1894750236947431,-0.2020698481816262,-0.7776961166489995,0.2570729119059263
1.943085434376142,2.9478109692520147,1.9410699481498164,-0.06557335483970976,0.02944409067894463,0.11241995520017789,-0.20242031260010118,-0.16662085769508192,-0.22977117455225468,-0.20517116617227446,-0.7151862717823463,0.27951054936958364
1.9232438363945084,2.9247889992513794,1.9174197707317666,-0.0856812938428916,-0.03617364608864666,0.1460120899679937,-0.252667395707522,-0.20155881632639439,-0.26957940907954003,-0.19854361419028896,-0.6344543325594169,0.2839676127641724
1.901623500338874,2.8962716239417006,1.8889586541799472,-0.10675870905163735,-0.09216483428875967,0.17982357573452187,-0.30265411175404383,-0.23683589654094866,-0.3086039061735316,-0.18421320325766632,-0.5353759044692602,0.2722134428027078
1.878817449262552,2.8620338654927187,1.8557815106781623,-0.12758012802314794,-0.13678494597147098,0.21191905325058805,-0.3508064970930217,-0.2720190569324525,-0.3469285191144855,-0.1638775796280881,-0.41566022991479834,0.24814334890223863
1.8552528281418048,2.822006560655365,1.818139348822174,-0.14674734359897998,-0.16811932182148054,0.24050371797403888,-0.395921460897195,-0.3067429872735736,-0.3849187304811596,-0.13774328976359534,-0.2718517975724685,0.21651760861545136
1.8310774121544096,2.7762539464702716,1.7764060044173262,-0.16274619209874547,-0.1839235662607655,0.2639850893489521,-0.43729709122730054,-0.3406530053577117,-0.42310249229277835,-0.10492431004395418,-0.09911446462636557,0.18151850491622842
1.8060450404592603,2.7249352905816515,1.7310528391685822,-0.17412847151016403,-0.1810973846468881,0.280940085148961,-0.4747750495263601,-0.373424529981914,-0.46228550926774015,-0.06562336292576748,0.11440728489236421,0.14610584210244085
1.779418108241478,2.668261766842075,1.6826637814292742,-0.17984558344859927,-0.15637956506119777,0.2902948396593895,-0.5080226319154817,-0.4047658311920283,-0.503216701903813,-0.02108501570685347,0.34493264843822197,0.11166165876826155
1.7501300933783164,2.60652161628133,1.6319848883282144,-0.1796801587805167,-0.11138358917730216,0.29233933086694475,-0.5361006522964278,-0.4344344283699763,-0.5449446728209962,0.026709134353977645,0.530671468294264,0.07850440879236538
1.7171434928083307,2.540149644215645,1.5799133492121833,-0.17420884953691107,-0.052053494144203766,0.288565299302356,-0.5584687910151522,-0.46227008854539203,-0.5849857460854776,0.07357007118870548,0.6476785629761714,0.04635668039839033
1.6796906847308017,2.4697407820009887,1.5274198854816698,-0.16453128998072522,0.015218110249832703,0.28059040891280346,-0.5751445196097151,-0.4882028848199031,-0.6209168175554032,0.11445211145054868,0.7049734948137641,0.01421657928804993
1.6373431913170156,2.3959942623328114,1.475450658817438,-0.1519411292438745,0.08543964304177419,0.2696495131880421,-0.5866494900601612,-0.5123303703160575,-0.6512600617310271,0.14640414663809267,0.7182276735029768,-0.016728229824586622
1.5899956288352595,2.3196356338344617,1.4248404537812656,-0.13772704904800556,0.1550158714473536,0.2566385409149121,-0.5936643265471139,-0.5347689886776864,-0.6754823467166367,0.16789443524042558,0.6991928286579364,-0.04480628306010684
1.5378251744056193,2.241352219036083,1.3762464931197214,-0.12308176335147637,0.2212735126288656,0.2422688302015362,-0.5969008830058349,-0.5556044288379932,-0.6937169812449814,0.17833550472655652,0.6551165730458772,-0.06834708123214547
1.4812389166227429,2.1617445185145865,1.3301040381783695,-0.10905859417709848,0.2820814521729803,0.22711671386493437,-0.5970618247913614,-0.5748994659618127,-0.7064999276324587,0.17783530694476243,0.5905322377862967,-0.08682947726222731
1.4208110530260543,2.081296614611225,1.2866050812008754,-0.09655683829499456,0.3356486627804031,0.21161069835911556,-0.5948060088748142,-0.5927107985229579,-0.7145709710555712,0.16720515811883455,0.5087356688658979,-0.10069525756607071
1.3572182565192514,2.000366125311058,1.2457005954651148,-0.08630453573499813,0.3804444524442223,0.19602834673597128,-0.5907124752605449,-0.6091022766263351,-0.7187242011779539,0.14805308082389357,0.41254054762649106,-0.11095584140664701
1.2911835255604331,1.9191919628588194,1.207122884670989,-0.07881129139857602,0.41516682801354704,0.18052278778665756,-0.5852477533471762,-0.6241484282211611,-0.7196840747037513,0.12295514775958012,0.3043863466665599,-0.11876837390388799
1.2234374316691825,1.83791726639513,1.170420384009737,-0.07427422295071617,0.43869285782579615,0.1651854051918286,-0.5787422241071191,-0.637926063224454,-0.7179831085755671,0.09561674809922363,0.1858256588645277,-0.1250596298575588
1.1547031056532284,1.7566243934858194,1.1349935382939746,-0.07244833201597647,0.44994263558747166,0.15013719843639922,-0.5713770416062647,-0.6504960595101729,-0.7138398816921208,0.07080468819632231,0.05623840257297535,-0.13025168105901772
1.0857122640769654,1.6753661916861902,1.1001018637019149,-0.0728218912891341,0.44742156534823996,0.1356433820434534,-0.5631311873079666,-0.6619629422812604,-0.707439563710969,0.04783468661336406,-0.09114171392606003,-0.13410603728175133
1.0172422085779387,1.594170489289359,1.0648722492207614,-0.07483304897213736,0.4297455262644312,0.12211975703705542,-0.5542753201542752,-0.6724035939993303,-0.698928940430801,0.02705088160642473,-0.24193753800498646,-0.13593509864026626
0.9500328465577323,1.5130339299958437,1.0284341335784166,-0.07795285651974707,0.39810151257869103,0.1098830120428489,-0.5455331199457585,-0.6818646874116033,-0.6891646490932724,0.00908724154746854,-0.3666739522426507,-0.1353622956337733
0.884659777946366,1.4319231825218124,0.9900957385520657,-0.08174582687507466,0.35596713220864035,0.0990338202311132,-0.537562866852857,-0.6903721490792638,-0.6794350909619988,-0.005141830945893882,-0.45090158205386377,-0.1325761557754924
0.821491081278316,1.3507907995856592,0.9494176469813659,-0.08587433781391765,0.30745092958610437,0.0895019658525071,-0.5307429900028071,-0.6979529224167347,-0.6708065471125596,-0.015570766903221085,-0.4954741481521719,-0.1280386560739938
0.7607118663500436,1.269591930795999,0.9061931364090633,-0.09006190198035571,0.25616855836907926,0.08113762901442008,-0.5251906196376394,-0.7046304760600957,-0.6638371521542868,-0.022021092047368046,-0.5080417141522133,-0.1221058521496651
0.7023696660160756,1.1882981294208836,0.8603910476198846,-0.09401497721977996,0.20491784285693235,0.07379996172500676,-0.5208468856289435,-0.7104127369853878,-0.6586147220263872,-0.023965117005600892,-0.4967137682062075,-0.11453784175055944
0.6464172706778983,1.1069098742575034,0.8120960871644747,-0.09742657414286726,0.1557616422405291,0.06734631343312919,-0.5174703467956888,-0.7152458671670631,-0.6549653122942187,-0.021608092965374318,-0.4679632972470334,-0.10609414303082161
0.5927385971616963,1.0254631011828697,0.7614658011579104,-0.09998965322511609,0.11019752952039905,0.06161772640229692,-0.5148087047394043,-0.7191005815336113,-0.6525364201393288,-0.014904890611526837,-0.4266123319176734,-0.09700860498131006
0.5411618719910956,0.9440296742343603,0.7087032511396837,-0.10137490324637113,0.06930358072443608,0.05647600619173341,-0.5126303941461016,-0.7219603661358046,-0.6508912839635959,-0.0038752186819662605,-0.3763040642396232,-0.08733566325059244
0.4914694760790347,0.8627164585163006,0.654034995908492,-0.1012462925510284,0.03382245454535527,0.05181316842498227,-0.510737335140627,-0.7238149098458874,-0.649604975334047,0.011196235475076626,-0.3201514520675776,-0.07720196290420477
0.4434081668635339,0.7816623206141925,0.5976934573361316,-0.09930276721328096,0.004207198323213556,0.04754855743394223,-0.5089663606249673,-0.7246643695522934,-0.6483045627256905,0.02947757122844256,-0.2608622914509541,-0.06686932907165899
0.3967006055938589,0.7010315179126475,0.5399054199574994,-0.09533964038312193,-0.019341142431639428,0.043622053082865146,-0.5071842964647941,-0.7245225750748696,-0.6467098243260024,0.04963821823932982,-0.2007570766138432,-0.056743469302047336
0.35105722442640563,0.6210042181032984,0.48088626742010654,-0.08928427924395892,-0.03683329028726907,0.03998368373105446,-0.5052790760029071,-0.7234162222840613,-0.6446489131564234,0.07015879699780454,-0.14169857944327358,-0.047352626485920056
0.3061868776789098,0.5417663368477467,0.42083901779944805,-0.08120215748895884,-0.04844303087169152,0.036578795287092875,-0.5031490463916283,-0.7213825141212579,-0.6420517946916575,0.08961419750986319,-0.08500316746680325,-0.03931859992498473
0.2618048720637673,0.46350079649392817,0.3599568705018311,-0.07127468565893799,-0.05445369305771787,0.033330905849104156,-0.5006933989672643,-0.7184649269294322,-0.6389247902410844,0.1069336265436035,-0.03145699156021429,-0.03330754825668623
0.21763804403893264,0.3863819009487271,0.2984277300569923,-0.059757582603387906,-0.05521454958510183,0.030128188450634547,-0.4978051925687221,-0.7147080357880639,-0.6353121762767528,0.12153664462176898,0.018419920334188038,-0.0299512261244104
0.1734309907775269,0.31057344862837694,0.23643882695680718,-0.046935724149570285,-0.05120218965873343,0.026824034240974903,-0.49433429391245415,-0.7101524644604383,-0.6312308423446629,0.1333103972431807,0.062000986957761614,-0.029726899205575464
0.12896961904882248,0.23622992757235686,0.17417715817818935,-0.033087442540778576,-0.043289698148737434,0.023258486423956077,-0.4900711953767905,-0.7048297652011914,-0.6265666031927608,0.14248380409130432,0.09467710562740954,-0.032737924662937776
0.08411391707190888,0.16349868215266786,0.11182325646473264,-0.01845821912549573,-0.03273612438346394,0.019273350576291124,-0.48480581091475633,-0.6987571611631331,-0.621085814192514,0.14952714331143088,0.11334928520576072,-0.03856273624522155
0.03882114120444527,0.09252123738959708,0.04954155880835337,-0.0032483800782711083,-0.021015082409195446,0.014733571201547564,-0.4783511470963077,-0.6919337922008303,-0.6145049176554307,0.15493311459479947,0.11655264063539983,-0.046227809944866124
-0.006841011804176045,0.023432348895542944,-0.012530055878990136,0.012382481210395181,-0.009674347067588903,0.009559976140722728,-0.4705498227035647,-0.6843393879512155,-0.6065522027823674,0.15904000587337833,0.1039900142990361,-0.05427706164736829
-0.052687990959571836,-0.04364392005014183,-0.07428937513911472,0.02830685681512204,-0.0002574991494286228,0.0037636453362176812,-0.46126990672666796,-0.6759349786475373,-0.5970038209598231,0.16204945253360523,0.0758852472835359,-0.06089978520512432
-0.09841500852735145,-0.10860044140581894,-0.1356759015916615,0.04442783572745184,0.0057055008391723875,-0.0025277058739006527,-0.45039531729693255,-0.6666650379160678,-0.5856895340899287,0.16411878813103928,0.03233008254638439,-0.06407702191815808
-0.14251986399627325,-0.17152363792529626,-0.1968782764512387,0.06047802364957553,0.0022314269728741674,0.0005711281596178254,-0.4222063840625343,-0.656696325678388,-0.5749066810022707,0.16045547830174314,-0.10710989726200165,0.13727846516800554
-0.1815696054386809,-0.23302969012964803,-0.25841804767622184,0.07536148795654297,-0.01977504047690101,0.026322847067780306,-0.38161246808107213,-0.6452074658458877,-0.5642997343708256,0.14576394049103064,-0.2997403288883899,0.40562153744038837
-0.21192286336024138,-0.29366624111876966,-0.32075392971057953,0.08679362500473643,-0.0630214242582577,0.07411360108937781,-0.3332766381680628,-0.6327322218568244,-0.5552067644101868,0.12558823909811329,-0.4803718728007073,0.6117140960878741
-0.23073374742656697,-0.35331365917286106,-0.3839210379250941,0.09298638501427123,-0.12313389900565978,0.13571373320270236,-0.2795277428559064,-0.6208436396927894,-0.5494096085162163,0.11430942294634273,-0.601777509247157,0.7205311223750991
-0.23633107014883972,-0.4111852978180152,-0.4474198515689147,0.09365881358436712,-0.1930483738086491,0.20400218762569547,-0.22229375749279215,-0.6109296395743242,-0.5476124397254925,0.11428705274853077,-0.6638298511502666,0.7630276098177601
-0.2281048976029333,-0.46617850235633823,-0.510400073040336,0.0891678036205318,-0.26687025068879416,0.2753144729791403,-0.16376447628820706,-0.6041227500762105,-0.5503207553808898,0.1200183169068249,-0.6833657567284778,0.7695262227976775
-0.2061785286269558,-0.5171645493598515,-0.5718987389531164,0.07976411696347246,-0.34079135817078554,0.347949514283781,-0.10491080085577925,-0.6009020805309174,-0.5576610156242798,0.12460205679052044,-0.6797832475026909,0.7539860989716576
-0.1710996929055179,-0.5631179001026194,-0.6309668836551822,0.06565247330576156,-0.4128301005607742,0.42084619309533133,-0.04622774096546875,-0.6013019660941483,-0.569498443959769,0.12675597116589757,-0.6676441509166101,0.7222032984352539
-0.1236976206533775,-0.603173104976175,-0.6867055300262328,0.04731725501767688,-0.48206312170412324,0.49279595805239773,0.011626333819069334,-0.6048102500887842,-0.584893814578897,0.1254701782946861,-0.652174242429828,0.6726191203773767
-0.06502071019481698,-0.6366831546216474,-0.7382894997612285,0.025654000738526188,-0.5481423396993551,0.5622868859824891,0.06802824209891717,-0.6108460685937852,-0.6029187644427811,0.12163088766914282,-0.6363281807326971,0.6069560261025423
0.0037180077187347216,-0.6632868095135773,-0.785031899564112,0.0019502288168876947,-0.611144793681503,0.627665491235731,0.12187426300433545,-0.6187924904998376,-0.6227562314759502,0.11581580365552656,-0.6213094818140518,0.5273781163205922
0.08122305047040129,-0.6829426761071687,-0.826428974813163,-0.022174504979836918,-0.671421276310345,0.6871415815228018,0.17232490622356997,-0.6280270886823924,-0.6437136526856048,0.10851122697468835,-0.6071936446037619,0.43605544109061595
0.1662179278724173,-0.6959176677156939,-0.8621684231586373,-0.044816209263896595,-0.7294754571350139,0.7388141825578141,0.21886929029121352,-0.637957395861801,-0.6652178852707411,0.10016358625838391,-0.5934351279925503,0.3357195653489911
0.2575212960316762,-0.7027503798647059,-0.8921240116484184,-0.06385829611544311,-0.7858372514003147,0.7807575658135625,0.261249878768143,-0.648046118164882,-0.6867907589632148,0.09130139083032705,-0.5791038730016755,0.230203283944857
0.3540913750814276,-0.704196480288301,-0.9163406221983341,-0.07706924395434228,-0.8409253865374379,0.8111477075448627,0.29937532161799274,-0.6578294942301295,-0.707956391141876,0.0826114729034418,-0.5631370692409938,0.12452215412094242
0.4550401946377479,-0.7011611320519691,-0.9350136037457425,-0.08219654425176674,-0.8949104412842588,0.8283587918219104,0.33327393200141925,-0.6669369338154051,-0.7282259573894989,0.07483450205492073,-0.5444108353206005,0.024047566391693205
0.5596267895113903,-0.6946219972385451,-0.948469729633788,-0.07703935251459558,-0.9475947651488038,0.8309992442256656,0.36307172241777297,-0.6750898418561142,-0.7471735720350825,0.0686991939597964,-0.5216525611300274,-0.06539090801236445
0.667237405140374,-0.6855420707750757,-0.9571404096646033,-0.06021090450406827,-0.9983201788826314,0.8187473380857097,0.3889706449450431,-0.6821322274671876,-0.7644310787343339,0.06468969837353127,-0.49365086208598263,-0.1316031051988641
0.7773617092703312,-0.674765532671266,-0.9614958647946991,-0.032122936591696835,-1.0460134860932244,0.7932929299693708,0.41134479358153525,-0.6881158834942547,-0.7796661980155907,0.06290878654965773,-0.4590074648168354,-0.1688800218469572
0.8895684432959319,-0.6629519900468133,-0.9619873802102836,0.005584568538091074,-1.0894408595398029,0.7573901879800682,0.43076825067283,-0.6932341121159286,-0.7926151859277857,0.06294268721516501,-0.41638853430631906,-0.18172006727787082
1.0034830318864445,-0.6505711968224993,-0.9590413727277337,0.05051521438516378,-1.1274633340335802,0.7141702187398328,0.44777681400450225,-0.6976073120509098,-0.8031529991456978,0.06316883396219519,-0.3654879318028845,-0.17672719066801168
1.118776919075829,-0.6379277198348347,-0.9530767703432902,0.09950429724516104,-1.1591924597719876,0.667110303528184,0.4628594296017067,-0.7012888710108435,-0.811344834425767,0.06142679008074649,-0.3067428450277058,-0.16021666351499664
1.2351712777148853,-0.6251978720959763,-0.9445215551626588,0.14865208615123518,-1.1840733763640066,0.6200379592229979,0.47643642678632625,-0.7042977866124075,-0.8174543327180614,0.055461557917023924,-0.24164706122293372,-0.13734988392591038
1.352445647898136,-0.612471048399525,-0.9338222178154141,0.19367504553041406,-1.2019435012885622,0.5768695899463422,0.48882842158213113,-0.7066542227002162,-0.8218968068885307,0.04380887522002296,-0.1730445226840297,-0.11206442490842831
1.4704406682482514,-0.5997882750331873,-0.9214414171678056,0.23066337070380152,-1.2129993279899118,0.5410312919164478,0.5002745817040534,-0.708373441205683,-0.8250923538382611,0.027081771889033768,-0.10389200523307393,-0.08712465039254338
1.5890480271618426,-0.5871689477506491,-0.9078484079687787,0.2569253451854822,-1.217661246287808,0.5148207208939949,0.5109503078437031,-0.709460056685295,-0.8273387748692624,0.0075306754926171,-0.03665065772031643,-0.0643514257551701
1.7081914208310958,-0.5746234497807563,-0.8935087298125779,0.2714904927496079,-1.2164090156740124,0.4990435048084283,0.5209878897295663,-0.70990136312977,-0.8287439081731219,-0.011699073657095745,0.027178486111807256,-0.04483991856273796
1.8278049134923267,-0.5621523809751796,-0.8788723658940087,0.2752069362530742,-1.2097705710233129,0.49299165169706,0.530557368686894,-0.7096585012578412,-0.829247996335131,-0.02695237454215527,0.08387301175546977,-0.029126532780923444
1.9478241000367997,-0.5497342484296928,-0.8643423513493147,0.2703892384521275,-1.198547088200881,0.4946656479654404,0.5398619999886612,-0.7087180992795252,-0.8289382547713009,-0.03785721355605655,0.12999897769607127,-0.01728205587967209
2.0681877347152726,-0.5373268050438056,-0.8502455842683957,0.25988676101063807,-1.183699226483305,0.5015326660721453,0.549080313892726,-0.7070800356486223,-0.827917866396064,-0.04441776262727617,0.1644478348410916,-0.009047921529176791
2.1888347722949693,-0.5248749415273671,-0.8368211519129612,0.2463604725626079,-1.1662075866777541,0.5112286557302363,0.5583529747412558,-0.7047532360230953,-0.8262725679589807,-0.04700573251406495,0.18771106580077412,-0.003936886154828251
2.309703018041106,-0.5123159506102523,-0.8242229923925432,0.23189540377894183,-1.1469886354936558,0.5219201157279388,0.5677753213696165,-0.7017575863151995,-0.824068963997737,-0.046364121232233484,0.20115481422234519,-0.0013808035160619606
2.430729987080231,-0.4995840553703618,-0.8125304559942549,0.2179131678375277,-1.126849059026494,0.5323634426109176,0.5774001214462312,-0.6981242503571304,-0.8213673294128087,-0.043535237885313556,0.2064188896812501,-0.0008460969735339492
2.551854566858856,-0.48661614794786434,-0.8017600554423073,0.2052557292702544,-1.106481940988161,0.54180580740376,0.5872529550302192,-0.6938916460538062,-0.8182085942760203,-0.039592985662646074,0.2048743436903798,-0.00180418931607699
2.673018819794133,-0.4733576408816074,-0.7918740025481729,0.19433372045448985,-1.086490140841635,0.5498406106984466,0.5973404921381157,-0.6891017904785285,-0.8146333625927636,-0.03547241077230877,0.19748934512657376,-0.0038247477268342597
2.7941714846693895,-0.4597642237229281,-0.7827888713030289,0.18528484336021872,-1.0673787215054475,0.5562906521803125,0.6076424051794798,-0.6837927284752027,-0.8107354257505134,-0.031394448367235775,0.18555564983507253,-0.006559379393967066
2.9152689043870743,-0.44579747724974017,-0.7743884130478431,0.17813988011931906,-1.0495188912761477,0.5611301427746896,0.6181121067533737,-0.6779876292519091,-0.8065965270554455,-0.02651829085459726,0.1706543224414469,-0.00976867924689168
3.0362694828890877,-0.43141792789945577,-0.7665367755179708,0.17294534507370948,-1.0331441998392916,0.5644086509255383,0.6286884174868721,-0.6717006136114244,-0.8022069102223137,-0.020044239515561182,0.15407996856414666,-0.013405064669072328
3.1571253874341063,-0.41658005923243274,-0.7590896826925725,0.16971278462779585,-1.0183977350884106,0.5662589391342218,0.6392553179504624,-0.664916360079268,-0.7975069204657685,-0.012094879674999889,0.13651986759770077,-0.016754003881092563
3.277778918037503,-0.4012320300202097,-0.7518975386658809,0.16832822613896112,-1.0053833319141445,0.5668985965174806,0.6497029920715953,-0.6576422789576675,-0.7924332168076713,-0.0037357434731245913,0.11821858028873962,-0.019358622109044862
3.39816543898734,-0.3853221699140932,-0.7448041073876435,0.16856116059455079,-0.9941705072644879,0.5665666969931982,0.6599280862615512,-0.6499027509937806,-0.7869604808358377,0.0039623230311606195,0.09963365885682797,-0.021055810755993193
3.5182155556665027,-0.3688070790315338,-0.7376490365732016,0.17009873061694175,-0.984789027405168,0.5654754880245959,0.6698039620890661,-0.6417096940542756,-0.7811009582502609,0.009809567702639849,0.08106870687651901,-0.021960783422400387
3.6378576670034466,-0.35166039990347175,-0.7302721313845418,0.17257515069306253,-0.9772348330351508,0.5637760015865196,0.679204840723399,-0.6330718562016089,-0.7749184889337328,0.012818068208599933,0.06279130975493907,-0.022346359346774678
3.7570216972516373,-0.33388156413428405,-0.7225166921160114,0.1755973036653579,-0.9714679422029002,0.5615499458920522,0.6880262099748352,-0.6240065008889156,-0.7684964325035541,0.012198815020952243,0.045129634635177066,-0.022536478446686044
3.8756422436580107,-0.3155040712787117,-0.7142323718798799,0.17875263163927751,-0.9674121064391508,0.5588132592748057,0.696182641863186,-0.6145376550521023,-0.7619223720943081,0.007209052575041834,0.02836238531394495,-0.02288334328513272
3.9936614054853057,-0.29660337251493546,-0.7052779793172578,0.1815996581437529,-0.9649607014378824,0.5555201936100808,0.7036055698423217,-0.6046971051669401,-0.755286175155286,-0.0030454430174944543,0.01269866405203358,-0.023742758554605288
4.111032192233742,-0.2773053977377164,-0.6955238515994852,0.18364454652990486,-0.9639843980204258,0.551567719552765,0.7102417941503107,-0.5945261671774641,-0.7486862363662931,-0.019637244086248184,-0.0017346240201019372,-0.025465388439221574
4.2277222321446075,-0.25779565906747737,-0.684853480040419,0.18433151588031052,-0.9643393813794354,0.5467981431116693,0.7160511714929351,-0.5840749079309345,-0.7422289431451892,-0.04361860710664019,-0.014839587128963742,-0.028403830499802708
4.343716459378857,-0.23832816056036077,-0.6731648875432384,0.18304276550491108,-0.9658611720949294,0.5410034892148499,0.7210033112999098,-0.5734025048589388,-0.7360177943413488,-0.07599664594563008,-0.026404291073919173,-0.03292154042593426
4.4590181713748365,-0.21923398071009265,-0.6603719761041293,0.17910546082103407,-0.9683685038712441,0.53392496116124,0.7250790293806914,-0.5625780820024681,-0.7301479050802432,-0.11768136396623513,-0.0363538937852545,-0.03938477049348172
4.573582396354969,-0.19998588967560846,-0.6462280995321736,0.17509223966692117,-0.971147797275289,0.5401471582880535,0.7336742005124407,-0.5475876426291164,-0.7229392508833767,0.1377750178053901,-0.006375676573881424,0.11386084624780574
4.6863879380255975,-0.17765037075071177,-0.630067311077406,0.17334318904591808,-0.9733454385529141,0.5799771059088743,0.7449939459887546,-0.5303348282536624,-0.705233999927347,0.4670765700865552,0.04370600076719269,0.3232982737713307
4.79581226668603,-0.14869423809858884,-0.6113316217346801,0.16998565703636645,-0.9731744349093456,0.6558628096836129,0.7576500774840743,-0.5131084781759162,-0.6794863817189127,0.6968400444401524,0.11069614483112615,0.5000350499701324
4.90026904640653,-0.11062216192312878,-0.5900279430304393,0.1614424169630143,-0.9675617195312817,0.7583450304665889,0.7705495586310541,-0.49660628714417765,-0.6521956946355237,0.8095875605753182,0.19525999088686435,0.6086118060961325
4.998382727245719,-0.06228028094003649,-0.5668067005801327,0.1490786622536004,-0.9537677014235236,0.8747074851004005,0.7830241022621205,-0.4805366509615064,-0.6271964025638553,0.8469266650328334,0.2846655172897524,0.656514616237258
5.089005329638311,-0.0035115902467773258,-0.5427198741612594,0.1369518872030726,-0.9311003686652136,0.9940856369916876,0.794754893740927,-0.4645817472812638,-0.606129722271738,0.8446709437049785,0.36229480947917087,0.6630713059071466
5.171215031636796,0.06521100272167772,-0.5189280025742662,0.12927091744675312,-0.9010678007507846,1.1088952749928542,0.8056027873614414,-0.44861079779981167,-0.5894905746626259,0.8280328103321022,0.4152915544978805,0.6416112018974772
5.244305361196022,0.14304026348209806,-0.4964880801750075,0.12860794757252023,-0.8663358740610833,1.2146834387400445,0.8157375290143519,-0.432394400904156,-0.5776717430538318,0.8010188224883036,0.44222274511824655,0.6006605060649586
5.307796384445725,0.22890466399330342,-0.4762540844973432,0.1356443465500616,-0.8296759260702375,1.3093217016801062,0.8252830935374307,-0.4157557142689331,-0.5707745836044826,0.7670106462896736,0.4453820302954047,0.5456632773757911
5.361440664592247,0.32160396155157694,-0.4588340366277251,0.1499628662006684,-0.7935379682305851,1.392018474412586,0.8343473919123394,-0.39853586926426054,-0.5685528583727979,0.7277836981914245,0.4277362645614815,0.4803661268732818
5.405229447644332,0.4198916676753835,-0.44456226833064927,0.17049007440134908,-0.7599740323777888,1.462605558204893,0.8430714650566103,-0.3806007309625371,-0.5704688687449121,0.6819651463078127,0.391143137561352,0.4080019257259885
5.439397108040276,0.5225604790187771,-0.4334889101516522,0.19581229175437104,-0.7306360505415257,1.5211466091663501,0.8516134116976166,-0.36178309918789786,-0.5760196384924964,0.6289510330125196,0.33774409634412056,0.3316029337458793
5.464407418427458,0.6285283646893204,-0.4253916767219131,0.22433819494703564,-0.7068243694152972,1.5677612648081762,0.8601920677943171,-0.3418792683431601,-0.5847792157077635,0.566565321383717,0.2689303916140965,0.2542990392219389
5.480930014157021,0.7369000419576969,-0.4198066939957191,0.2546398997557083,-0.6892405218768511,1.6026244980991315,0.8689582729237676,-0.3207546860317279,-0.5961315448317116,0.4987117272967006,0.1927362985869287,0.17845212168322958
5.489800247012481,0.8469911190140323,-0.41609896376375355,0.28593592592918887,-0.6776901577519383,1.6259075556383684,0.8781127220572191,-0.29845172842430717,-0.609108799780747,0.4315923325932617,0.11812467201531902,0.10339852455571069
5.49196840530694,0.9583154447424131,-0.41355660284547296,0.317954956512509,-0.6712910035679808,1.6378194572695464,0.8876695720187955,-0.27493269961276123,-0.6226956008204305,0.36701182610962113,0.05012415509257186,0.030067418899776474
5.48845582787021,1.0705537679518082,-0.4114749576013733,0.3506050193908035,-0.6688406093092925,1.638668652719668,0.8975154380264357,-0.25024601942890706,-0.6360795874999662,0.30517325368960024,-0.009303485086795904,-0.041125912718746514
5.480326437575112,1.1835205329437866,-0.4092151451093662,0.3837796015507973,-0.6690722476043361,1.6289665774396838,0.9074520499826546,-0.22447352798189457,-0.6486922472328944,0.2458908841771728,-0.05897916164712319,-0.10684067370914492
5.468642056185572,1.2971223851410327,-0.4062393684417544,0.4169515849150507,-0.6707377641233704,1.6099807293271156,0.9171933885569519,-0.19779478751896204,-0.6600563226833076,0.18898739537777623,-0.09606846911136487,-0.1620554405120095
5.454407700134645,1.411310588096785,-0.40213614347981674,0.4492218291780576,-0.6726677927109682,1.5835788105088116,0.9264526167632376,-0.17045389648626963,-0.6697340121036572,0.1343115627885659,-0.11990238041189916,-0.20519003672725525
5.438536864921054,1.5260447776572528,-0.3966304959737659,0.47960088190483524,-0.673914460113636,1.5517592066347357,0.9349858765955901,-0.14269359792626202,-0.6773634533827755,0.0822192518487577,-0.13176233687748418,-0.23737940782388917
5.421835319136318,1.6412721010973736,-0.38958067893555737,0.507212882342769,-0.6737823598040246,1.51632111144996,0.942585912899389,-0.11471152617493093,-0.6827302387606385,0.03282500282361326,-0.13372635866690136,-0.2611719816477408
5.404999069242887,1.7569193638163945,-0.38097067910408255,0.531352949219295,-0.6718089857448971,1.4787076978635796,0.949035102233286,-0.0866681165892795,-0.6857997226233427,-0.014404795967008907,-0.12831632983969812,-0.27917541109206323
5.388625156712219,1.8728888091282159,-0.37090281098869293,0.5515464020593467,-0.6677360554040265,1.4398983071695592,0.9539770157309941,-0.058706853733301485,-0.6866926928079816,-0.059218190856048354,-0.11852205747349978,-0.2945044897267581
5.373223344453983,1.9890593095369158,-0.35957908764819124,0.5677432727900064,-0.6614422818123921,1.400382733025097,0.957110410079016,-0.030884053064647678,-0.6856398195623392,-0.09986024461229748,-0.10673489031154075,-0.3098025114741061
5.359214819491656,2.1052946490785622,-0.3472760641761265,0.5803971149060859,-0.6528043738393461,1.3602903409279308,0.9581795678127969,-0.0031564393648380045,-0.6830159799213489,-0.13259757202766054,-0.09332816166850727,-0.32725259796690165
5.34692394548906,2.2214482173139043,-0.33432265145169343,0.5903733255488705,-0.6416048093524632,1.3195370694804962,0.9570008612885367,0.02455203926543174,-0.6791622766038076,-0.15533479502111883,-0.07842686078313517,-0.3483246291988169
5.3365786715521315,2.337376176298818,-0.32107034323645733,0.5985043510956267,-0.6276171313861305,1.2781812093871507,0.9537090378476677,0.05232547526608044,-0.6743545858127472,-0.16875161697063337,-0.06109076516147397,-0.36985365905421597
5.328309293534247,2.4529451938562414,-0.30787267326847934,0.6053393277615279,-0.6106834259019412,1.2365898723280224,0.9484207821162299,0.08012104108697769,-0.6687933601160407,-0.17396371776560746,-0.04082667692362429,-0.3898420867491959
5.322149028488671,2.568029681321785,-0.295077845470432,0.6112205013920395,-0.5906984345766146,1.1952970210705378,0.9412412146456708,0.10785774929107148,-0.6626227175002853,-0.1721703184771668,-0.017370429453472534,-0.4071188407218894
5.318038230862073,2.682511051357713,-0.2830237494931595,0.6163449799151035,-0.5675802238224146,1.15491272300559,0.9322671375986262,0.1354338989563415,-0.6559432192558681,-0.1646230822336844,0.009640107461500685,-0.4211100282454111
5.315834954510694,2.7962762298429675,-0.27203360396931126,0.6207643754236591,-0.5412771202271173,1.116039098649194,0.9216106663034339,0.16272262938537205,-0.6487623418707544,-0.15370809088659995,0.039520347107592876,-0.4315986613915876
5.315333650928831,2.9092194858891984,-0.2624106993192594,0.6244260940369197,-0.5118452299577259,1.0791612019714518,0.9094039908783655,0.18959459023173825,-0.6411357837503243,-0.1412708024244246,0.07071097955261071,-0.43854196009808183
5.316283953336416,3.021246633380019,-0.2544313549118414,0.6272473461178766,-0.4794831225839552,1.0445987543035775,0.8957889892755712,0.21592583886206257,-0.6331808020151529,-0.12873073909758564,0.10146795745939595,-0.4419657412265559
5.318408490630665,3.132276825442537,-0.248336626779668,0.6291436863878846,-0.44453334039148557,1.012504249082358,0.8809100312220225,0.2416016296389526,-0.6250575202770601,-0.117238919377829,0.13003511229065084,-0.44189930414099576
5.3214192921271914,3.2422423188563063,-0.24432473758274045,0.6300289769532469,-0.40747382531852583,0.9828811348062068,0.864906347170812,0.26651790801743086,-0.6169480662579974,-0.10779520796906669,0.15483378924696262,-0.4383480310701465
5.325032950811462,3.351085690080011,-0.2425450103078575,0.6297793105425823,-0.36890245267537614,0.9556180786396257,0.8479022199293428,0.290578919740796,-0.6089989821941919,-0.10166155476545993,0.17456678313193946,-0.43121009443758723
5.328986531369525,3.4587500020942463,-0.24309835305811903,0.6282210331831376,-0.32948636032603684,0.9304578686213106,0.8299060984668811,0.31363947893593186,-0.6012948289075253,-0.09993537111378159,0.18801545595740266,-0.4216163785565582
5.333055504912333,3.5651666507053803,-0.2460463326954438,0.6251751976900606,-0.28987641183582996,0.9069496830733583,0.8108285435323501,0.3355320136083476,-0.5939081407376736,-0.10275382877808292,0.1944929064921165,-0.4115165995937656
5.337066882326925,3.6702507250166785,-0.25141945869397786,0.6204672831057401,-0.2506579601934243,0.8845205946104686,0.7905855171952997,0.35613553663319275,-0.5868791890886366,-0.10991140624968704,0.19417052755138023,-0.4019818094836354
5.340902442961486,3.7739005944382717,-0.25922262338622504,0.6139090474291411,-0.2123361005203022,0.8625836992798315,0.7690939582320098,0.37535949036918187,-0.5801986658970963,-0.12093542809641959,0.18781402178710063,-0.39357933242173154
5.344494238251956,3.8759973425178713,-0.2694409282410104,0.6053045951439339,-0.1753241468008283,0.8406014938518457,0.746270739373979,0.3931328658867256,-0.573807379592134,-0.13516361204149202,0.17658473823299425,-0.3865508714975291
5.347814959200323,3.9764044214459315,-0.2820450586937325,0.594466674371028,-0.13993729709148775,0.8181256633304604,0.7220335106865572,0.4093956989310985,-0.5676044250778908,-0.15182008808224615,0.16190498624562244,-0.3808865192533521
5.350864802459316,4.074967531166327,-0.29699559264088743,0.5812354580466701,-0.10638960330282335,0.7948237635683674,0.6963015995824475,0.4240925291984486,-0.5614582449431733,-0.17008581389542335,0.1453646231515389,-0.37637743988754385
5.353656038974499,4.171514620150132,-0.31424592018290387,0.5654958292890616,-0.0747904667885048,0.7704915339763984,0.6689939801231816,0.43716988579903143,-0.5552184537749635,-0.18916242423013432,0.12861344866947036,-0.37275132077255646
5.356196836646262,4.2658561036383364,-0.3337436993485416,0.547189676522653,-0.04514058066166972,0.7450524782993629,0.6400292768064476,0.44857503340249244,-0.5487261076602791,-0.2083232828444461,0.11328269608425891,-0.3697083210138933
5.358475665762133,4.357785550092636,-0.35543079225801316,0.5263214379332654,-0.017330612667607805,0.718552377298397,0.6093289540818477,0.4582543615798396,-0.5418213361493176,-0.2269434269900313,0.1009176926760524,-0.3668837489985596
5.360447177815307,4.44708112720042,-0.3792415443597396,0.5029582313590374,0.00885447844384075,0.6911531695617235,0.5768241843667288,0.46615115230778614,-0.5343485888974252,-0.2445053651189462,0.09290498610428598,-0.36377524883183854
5.3620210846724055,4.533509059093878,-0.4050992817274104,0.47722612283412996,0.03373166107659737,0.6631351421389444,0.5424947444556995,0.4722059896373119,-0.5261581549091954,-0.26061041320189826,0.0905850408568173,-0.3596264080817471
5.3630543111925455,4.616829159599837,-0.43291149817312596,0.4493028821181516,0.05772251473054266,0.6349010009149881,0.5063894889984988,0.47635979631980396,-0.5171075244871667,-0.2750087200055821,0.09522664012016203,-0.3534959796028622
5.362515014441892,4.696851099113276,-0.4625735780176662,0.4236179573712291,0.07999944346341581,0.6152937770703542,0.45922812857564277,0.48338153291757646,-0.5130486942663413,-0.21839965709104367,0.15173855603944722,-0.18967488211347866
5.358018390988915,4.773606154756593,-0.4937359171726236,0.40608489034135475,0.10057725870219783,0.6154768977751925,0.4048246014056166,0.49236030171412226,-0.5144637291055135,-0.1383722373804098,0.23389452574803885,0.03308631443444313
5.347046307881668,4.847165885006203,-0.5258707753860113,0.3988471226913356,0.12000788489098899,0.6396187073332951,0.34623238050939964,0.5031938038513218,-0.5210828667689313,-0.0624185241434368,0.3181981012633436,0.26042233541443416
5.32746486436023,4.917315108342368,-0.5583977912879081,0.40110032357713576,0.13912594374216677,0.6847966511689634,0.28590971895864525,0.5159580035793241,-0.5321336549696167,-0.009082704343181714,0.38958347649069036,0.4173021013359613
5.2979379792126835,4.983471499518244,-0.5908292859305839,0.4104829242484369,0.15980585880988668,0.7427906648648667,0.22566090641735784,0.530867954122019,-0.5474423733767529,0.026361122637777328,0.4500729475126093,0.479955711411183
5.2579554534882105,5.044865800178542,-0.6228005199018349,0.42471326095260925,0.18402024720036275,0.8055498996461871,0.16660418863256224,0.5478857492214458,-0.5666123811922811,0.04721961341078495,0.5012572920556179,0.46754882980902945
5.20759494092312,5.100740017740591,-0.6539836307130558,0.44185470921626585,0.21296264672394447,0.8676433682702858,0.10884616293358935,0.5669598768633908,-0.5890368910892957,0.055386785081726245,0.5430324740363885,0.4118448686554189
5.147275660935077,5.150458475690746,-0.6840182949368244,0.4602943596594528,0.24720790394080208,0.9259777534033331,0.05243476094485885,0.5876539316292411,-0.6139103213565537,0.05259224326288563,0.5772124286818741,0.3309584142262481
5.077640911320332,5.1935641756870465,-0.712500268027423,0.47860626277043755,0.2873200158145065,0.9786117574984141,-0.002422661172481464,0.6090908092508194,-0.6402826616914348,0.04113271176150139,0.6069125164175913,0.23088252706804555
4.9994883780623285,5.2298203561693795,-0.7389995180017509,0.49530596025473117,0.33402460856738525,1.0240658248440309,-0.055444458555340616,0.6303729288825377,-0.6672335170796218,0.020274933026426557,0.6333928590550496,0.11527803294849205
4.913730564255963,5.259275567562812,-0.7631082886104897,0.5086631736105822,0.388051884977642,1.0609576822820757,-0.10571913564962922,0.6506639933646184,-0.6938748287774114,-0.00910739936812972,0.6557647677913198,-0.014124198270178212
4.8213532762892735,5.282317288240392,-0.7845043558177227,0.5166898764609699,0.4499093389907419,1.0877293480810606,-0.15237450167982963,0.6692433776131733,-0.7194428576397931,-0.04441733565909118,0.6718592196343659,-0.14977084765017618
4.72333838076475,5.299627801922887,-0.8029886847837291,0.5178030136527859,0.5189554036101987,1.1039089756343852,-0.1947398776940276,0.6856154556580366,-0.743336892128174,-0.08154872227344742,0.6794114340063934,-0.2659481570049083
4.620586917484275,5.312018384768456,-0.8184747224589706,0.5114387925473597,0.5930905781450481,1.110683680043734,-0.23236037321136493,0.6995833760966484,-0.7651310025323155,-0.11630174964632314,0.6771111638160529,-0.3466469343336839
4.513881919930855,5.320270608599433,-0.8309512727408921,0.49769175851975783,0.6696596564590951,1.109620423754153,-0.26529648034690034,0.7113804207608887,-0.7845506294986625,-0.1465428795005202,0.6643429117044903,-0.3943891194930443
4.40388759791292,5.325074002793017,-0.8404598666592858,0.47669826580267943,0.7462350547608908,1.1016209828888177,-0.29392730016157353,0.7213985320635236,-0.801492265113249,-0.17091917049660985,0.6413873707928952,-0.41847369519370736
4.291165752376001,5.327029933357461,-0.8470960774923499,0.4483689994981335,0.820838266318178,1.0867546661564262,-0.31873900543453537,0.7299790471405236,-0.8159908730486672,-0.18840732809642657,0.6093175885894903,-0.42664944343104
4.1761897854874475,5.326668331061538,-0.8510115653540037,0.41236941019664203,0.8918621960621653,1.064489326121728,-0.34028118836277416,0.737388020138976,-0.8281849448454907,-0.19853485871194312,0.5693372576825014,-0.42385161851767694
4.059352300963505,5.324458836345296,-0.8524082359549745,0.3682217339787827,0.9579489543826721,1.0340048965760635,-0.3591173165387385,0.7438501241793999,-0.8382777441124635,-0.2014784580187845,0.5227341678882353,-0.4125952826283544
3.940971679886809,5.320814267273374,-0.851526314883863,0.31553771663981256,1.0179203208255168,0.9945584941208304,-0.37578364923728524,0.7495497068994346,-0.8464973741584523,-0.19784336190077986,0.4708514875211331,-0.3940138492032714
3.821300952442968,5.316089700793754,-0.8486289765355568,0.25437254205177606,1.0707756297003925,0.9458984530288174,-0.39075983124923097,0.7546353284371841,-0.8530642784350979,-0.18851872696877373,0.41499535490355033,-0.3687396490299774
3.700538717091584,5.310581778286447,-0.8439872551242992,0.18565559537784712,1.115747090615065,0.8887122531611557,-0.4044448238202712,0.7592212134043264,-0.8581779136952644,-0.17451419670269122,0.35643929616168074,-0.33750176706007623
3.5788407131778506,5.304530616374228,-0.8378686250402779,0.11155858522338785,1.152392570458157,0.8249903793678668,-0.4171416664491454,0.7633875164471067,-0.862013961849965,-0.15689018573996516,0.2964691983846266,-0.3015186423701517
3.4563316095603285,5.298123205724692,-0.8305291987589344,0.03560145652516085,1.1806745570089634,0.7581273267680395,-0.4290865147541033,0.7671531904423285,-0.8647178827797614,-0.13674013163268942,0.23629531299816856,-0.26223509800851136
3.333115863040157,5.291497656291865,-0.8222083562731425,-0.03769509536624887,1.2009794451901845,0.6925739544521282,-0.4404559394102317,0.7704963879177203,-0.8664014711462318,-0.11514980794206384,0.17703668224531066,-0.22123328495627445
3.2092856807637338,5.284749084729099,-0.8131269555312994,-0.10365219062787673,1.21405197837536,0.6329957862242773,-0.45136987780026944,0.7733777387720194,-0.8671555741931812,-0.09319502884428357,0.11975871894800642,-0.18020476431455848
3.0849280193339457,5.277935235495155,-0.8034880374285285,-0.1584717512183077,1.220837928137736,0.5832347693364546,-0.46191473498802355,0.775717223607679,-0.8670305605067193,-0.07191897612502238,0.06525693680827832,-0.14089431655030193
2.9601299846940825,5.271081586040364,-0.7934805987986019,-0.19996799329990708,1.2222759651673452,0.5455843386607475,-0.47215508804718564,0.7774309576584638,-0.8660469121223954,-0.052386599629619175,0.013791377024111588,-0.10477552390783486
2.83498226787097,5.26418540847492,-0.7832872514675833,-0.22771734555866244,1.2191172888155157,0.5206494386657979,-0.48214901494670026,0.7784369298094319,-0.8641763463250526,-0.03562899890750404,-0.03479401794613992,-0.07294477291004335
2.7095812207859193,5.25721719052304,-0.7730881672567278,-0.2428481722390877,1.2119666997801084,0.5075613652433952,-0.49200567125515154,0.7786589081042027,-0.8613699388579766,-0.02269049086251808,-0.07842739971494844,-0.04604697675978108
2.5840229911241686,5.250119561068877,-0.7630479435435249,-0.24754755378453036,1.2014271905787712,0.5043779584623818,-0.501855894784223,0.7780559794769913,-0.8577262452297744,-0.012673436920604457,-0.11582120653330226,-0.024226408484996343
2.458394962090842,5.242817097340896,-0.7533053454450406,-0.24435241237991967,1.1880531863237842,0.5087034650227513,-0.5118261912046811,0.7766108841246253,-0.8533839827570139,-0.00459294136823512,-0.14657635372906222,-0.007224697616136511
2.3327751821026292,5.235229622338649,-0.7439665883759953,-0.23574027791544075,1.1723768219901458,0.5181635611129014,-0.5220322491027715,0.7743121964564293,-0.8484275504431538,0.0012782192198805835,-0.17035704599323825,0.005457735725103289
2.2072354520308077,5.227275742994097,-0.7351008322558265,-0.22390138948134866,1.1549246962995103,0.530692921777088,-0.5325607682939153,0.7711603488770362,-0.8429217685547877,0.0048293176040792975,-0.18747332773308462,0.014361811337093848
2.0818427382617872,5.218872397376699,-0.7267420697078376,-0.21060642603094876,1.1361966678803253,0.5446571522251659,-0.5434646789257503,0.7671662662290648,-0.8369098101399898,0.00608378251657897,-0.19859964104835368,0.02003764730810597
1.9566602403738789,5.2099344227201385,-0.7188942237877626,-0.19716508896658128,1.1166521862021361,0.5588851427945308,-0.5547641150827962,0.7623519298981352,-0.8304218282666149,0.005202089666234225,-0.20458602139400353,0.023161299267254524
1.831748024064663,5.200373985575518,-0.7115367741901845,-0.18445958908276056,1.0967001569599748,0.5726300674188181,-0.5664494697805132,0.7567501075997818,-0.8234798423264046,0.0023991731619551044,-0.20632725859725107,0.024436144149358654
1.7071636731814588,5.1901000393152765,-0.704630069418624,-0.17302621191262127,1.076691165078904,0.5854872144185093,-0.5784856867279268,0.750402760048503,-0.8160987649359137,-0.002113172829516375,-0.20469827810126304,0.024530267687951163
1.5829671447502538,5.179019704533252,-0.6981177672998788,-0.1632169127154613,1.0569284811620485,0.597285232785026,-0.5908103544868918,0.7433539105632185,-0.808165953281977,-0.009222391894529058,-0.2002320342040329,0.023883742465271345
1.4592274441791055,5.167035072701919,-0.6919297002158216,-0.15530437374545086,1.0376726517121708,0.6080016469846219,-0.603319178715519,0.7356548759696683,-0.7995604316298227,-0.01918008133016374,-0.19351218934105843,0.02286733103178665
1.336025375593041,5.154041250526753,-0.6859885439010156,-0.1494908209470972,1.0191235458254162,0.6176958064501674,-0.6158614159250516,0.7273615689299276,-0.7901485755014491,-0.03177746617793946,-0.18530465537993882,0.02155452165268516
1.2134586112761903,5.1399275686176535,-0.6802201173574984,-0.14587562132152956,1.0014094010853343,0.6264983435911121,-0.6281928925069254,0.7184638367882079,-0.7798325783700901,-0.04635842552332858,-0.17639628743079702,0.02039707613669767
1.0916451527306044,5.124578976303106,-0.6745622656971669,-0.14436980138052397,0.9845752225650078,0.6346634858081558,-0.6400366761630881,0.7089350184463202,-0.7685715006358215,-0.06180869310747738,-0.1678202837040333,0.020256135295035685
0.9707214123888401,5.10788055291779,-0.6689693598105055,-0.14469198685139475,0.9685501043480855,0.642548905891937,-0.6511330220821195,0.6987680709832417,-0.7563625160502706,-0.07696021792664212,-0.1609707322946988,0.021532454809261622
0.8508394565626206,5.089725509357025,-0.6634188082980772,-0.14643539405132017,0.9531124945288914,0.650539270470484,-0.66123724076228,0.6879657543763396,-0.7432106064184356,-0.09071072932922637,-0.15748331012460642,0.024242795385238426
0.7321655504807749,5.0700249697852895,-0.6579213790568926,-0.14912193244217178,0.9378656142912507,0.6589914978479303,-0.6701185054525989,0.6765325750905715,-0.7291041781204859,-0.10206079499627246,-0.15916842569572642,0.02805833351840721
0.6148792632757737,5.048718590702187,-0.6525342690013068,-0.15225118254673187,0.92221964272594,0.6681893224778872,-0.677560565113358,0.6644680959328173,-0.7139981436979942,-0.11015381801179693,-0.16792478276585038,0.03231213208744017
0.49917250390021267,5.025785347095723,-0.6473755501260295,-0.1553573754485438,0.9053886837673882,0.6782958613134461,-0.6833658096747239,0.6517603906456326,-0.697805400274057,-0.11437877894551632,-0.1854969626425558,0.03598618111655234
0.3852479011628847,5.001253792271704,-0.6426374463350296,-0.15807573639781294,0.8864161101674124,0.6892992027353438,-0.6873644110543039,0.6383811740120447,-0.6804043225067758,-0.11437425676341764,-0.21312070346284986,0.0377160995882552
0.27331573677876325,4.975211525823126,-0.6385947474454818,-0.16020746402572397,0.8642411754006286,0.7009528286609236,-0.6894286870260802,0.6242826484762596,-0.6616677969061486,-0.10999122009654692,-0.2510533956489543,0.03579596281924359
0.1633809662008101,4.94691924890229,-0.6354964586974996,-0.16451454659794337,0.8394263733230953,0.7231225625717081,-0.6976958422333941,0.6083834900775176,-0.6466252815760565,-0.30355312484055125,-0.28497581658701543,0.16732237440840683
0.05597883186839789,4.9139362693546005,-0.6331204447358149,-0.17396622844555235,0.8147522021544044,0.7682495907240666,-0.7100160177333289,0.5924486615270171,-0.6284679845205827,-0.5330833660118679,-0.3042090950529252,0.34220803906019154
-0.047769304445358,4.873641012876934,-0.6310618748382786,-0.18774728216341513,0.7920779635952286,0.8360769331820639,-0.7246066475493268,0.577741514740675,-0.608623069499727,-0.7015504364801447,-0.31212487463175215,0.4905749104210386
-0.14656453795065968,4.824183914804357,-0.6290638054082608,-0.20411458686963393,0.7721340224495489,0.9195487560603997,-0.7400582853756016,0.5644799265747396,-0.5906050855947244,-0.7923772695204723,-0.3105735266013404,0.584075732159544
-0.23911066374053713,4.764741038921023,-0.6270847959231933,-0.22211814269601493,0.7552440852255436,1.0106765033182725,-0.7553128393642145,0.5523110489021374,-0.5768023540481315,-0.8258976877904507,-0.2982948600748575,0.6265034919631117
-0.32422030250116673,4.69534046167617,-0.6252230259858993,-0.2416440724232378,0.7417219865387887,1.103299990127717,-0.7695436694563565,0.5408017162452442,-0.5682854329881837,-0.8277070784734666,-0.2761126411491649,0.6318224139741752
-0.40088713194079917,4.616600312468056,-0.6236179667834868,-0.2629005402659024,0.7319437575444807,1.1933296458997558,-0.7821561950861274,0.5297059122263419,-0.5650201380174021,-0.8122393304248827,-0.24438442935741864,0.6126967629548301
-0.4683473764854097,4.529509677330773,-0.6223587267654025,-0.28609913732484615,0.726243822023704,1.2779462905576682,-0.7930279830614847,0.5187214471380605,-0.5664938896273503,-0.7855653527038442,-0.20469018543340164,0.5748588870038301
-0.5261316071056773,4.435263817832434,-0.6214404165553666,-0.3114062743424477,0.7247854867823262,1.3549999452705943,-0.8022141002804856,0.5075977711938477,-0.5720335517803445,-0.7505065925807717,-0.1587345835706653,0.5227478930770689
-0.5740934628879927,4.335134252755086,-0.6207552768405553,-0.3389004525733535,0.7275805721522874,1.4228002876548385,-0.8099013580938097,0.49614100950910095,-0.5809663748706456,-0.7079265516433946,-0.10739515255115296,0.46012942868669976
-0.612410033031423,4.23035869144515,-0.6200925653352464,-0.3685895192241098,0.7345549969060942,1.479980109469993,-0.8163791645947338,0.4841978534502181,-0.5926804247326741,-0.6580655293668796,-0.0509040742417743,0.3904326847668874
-0.6415559027075117,4.122054448249588,-0.6191419396801437,-0.4004548667557125,0.7455707906922658,1.5254476504197723,-0.8220073676440406,0.47164388131905455,-0.606642999692247,-0.6013989397943168,0.010038449538076363,0.3171631029892126
-0.6622561927840798,4.011161358578822,-0.6175025280384631,-0.43447185344707195,0.760404529260613,1.5584046909084184,-0.8271393057095875,0.45838111233308954,-0.6223710485364826,-0.5386159577167352,0.07309552908872852,0.24387322916624696
-0.6754295901359774,3.8984236552726026,-0.6147111583913637,-0.4705211385506848,0.7784160973488423,1.5785260782862216,-0.832043373486333,0.44436702660900423,-0.6392274110060353,-0.4709706806648693,0.13104235886092203,0.17321546126869983
-0.6821335993721965,3.78440389531916,-0.6103035332914104,-0.5084087841742382,0.7982939188687047,1.5860052752398892,-0.837028650144138,0.42967376684740666,-0.6562956581506177,-0.4008593049864994,0.17667310726629912,0.10501955839073925
-0.683513292104888,3.669516544620821,-0.6038909771375661,-0.5478965925404372,0.8182408849308905,1.5814748896648045,-0.8422690094069508,0.4143415968345526,-0.6725227997524685,-0.33056327615107906,0.20597300593083634,0.03896124058160627
-0.6807502721137657,3.5540662792785724,-0.5952242480405423,-0.5886142013518945,0.8363115726420033,1.565924985686335,-0.8478472352981241,0.398374682642805,-0.6869436845932129,-0.26125323731722894,0.21860068864784793,-0.025965995641387983
-0.6750228383857119,3.4382731274646403,-0.5842296509839179,-0.6299107018139886,0.8507333263660327,1.5406488925227662,-0.8537867345585098,0.3817605647716001,-0.6988801032320742,-0.1927653640996679,0.2169267413411663,-0.08851809919136303
-0.6674624867845369,3.3222858935215105,-0.5710080403865964,-0.6704832219287861,0.8602985932917189,1.507627036082018,-0.8600514117846935,0.364522671212456,-0.7080473573968333,-0.125189493841967,0.2039745750340637,-0.14415396055601684
-0.65909546210206,3.2062001541565346,-0.5558021169654992,-0.7083962079582063,0.8645319761398957,1.469507493994467,-0.8664641951481549,0.34666190231645044,-0.7145054249168663,-0.05851931021673324,0.1828675248328677,-0.1886149787254166
-0.6508008669345291,3.090077125933874,-0.5389500352305614,-0.7414411995343753,0.8636086264928926,1.4291281388949406,-0.8728733250230765,0.3282369413487411,-0.7185212118722997,0.008089925799126728,0.15644417107017095,-0.22058134683903244
-0.6433026261956086,2.9739550135222728,-0.5208429585549852,-0.7675909619195322,0.8581421339996682,1.3889773227732125,-0.8791532977258907,0.3093036486866508,-0.7204868669843381,0.07406871764514766,0.12715933960611658,-0.2407422386385889
-0.6371672314000935,2.857864229402338,-0.5018851019565579,-0.7856934103967868,0.8489760623042437,1.350883389116941,-0.8852061638672695,0.28982600396225894,-0.7207371837062179,0.13370887384914892,0.09714714753070884,-0.25082611860239995
-0.6327886548117722,2.7418467903102304,-0.48245048921271844,-0.7957259656579988,0.8369952588317262,1.3159664272814489,-0.8909528309916849,0.26971788822260745,-0.7195048754759408,0.1826505989755891,0.0678613859839179,-0.25292256475063807
-0.6303845486084303,2.625963631655707,-0.46285468076328334,-0.7984408877155519,0.8229875240937823,1.2847802544927778,-0.8963263370579942,0.24887984154107765,-0.7169754078980672,0.21925674109567453,0.04000220875672006,-0.24904424290766133
-0.6300086815172061,2.5102895386815587,-0.4433458299570658,-0.7949470485024253,0.8075698191438592,1.2575137417910527,-0.9012671058688749,0.22722000402416648,-0.7133223642008312,0.2440801556443994,0.013574765952619515,-0.2409315232552245
-0.6315743439205392,2.394903252617621,-0.42410972559916843,-0.7864175129183888,0.7911669932459392,1.2341605574232997,-0.9057257171970171,0.20465768929114062,-0.7086775709045398,0.25849978780118027,-0.011790275650314002,-0.22999835287662554
-0.6348809564275092,2.279878005677135,-0.405281747733759,-0.7739452571524409,0.7740284543617366,1.214618187587834,-0.9096647393175307,0.18112959069316223,-0.7031454013080753,0.264290738510355,-0.036326674951522614,-0.21737100363442574
-0.6396420858814977,2.1652740842124847,-0.38696302565396984,-0.7585079543622609,0.7562834577897697,1.19869620476304,-0.9130082779803247,0.15663336372200484,-0.6968366361592455,0.26328423350195096,-0.06000422834936637,-0.20399220574124774
-0.6455116194862651,2.0511359018698676,-0.3692375132720857,-0.7409479456348701,0.7379718321713296,1.1861557901275777,-0.915640602370834,0.1311989704683775,-0.6898754051407234,0.2570153693785105,-0.08296148044731301,-0.19046618424708384
-0.6521043293560808,1.9374958482763784,-0.35218990907464887,-0.7220064709983294,0.7190477280265172,1.1766932415082718,-0.9173363332117739,0.10489305557798773,-0.6823968962507277,0.24676756822447235,-0.10513449831760958,-0.17803022279855507
-0.6590168635527277,1.8243822549393605,-0.33592343807529684,-0.7023963552034111,0.6993371213731677,1.1698322644650494,-0.9178065291323086,0.07776653756874811,-0.674548754734275,0.2339052768644017,-0.12641454333581353,-0.16924958729195252
-0.6658536436364713,1.7118250756001705,-0.32057122159662355,-0.6828414721795008,0.6785086629684082,1.1648890141427253,-0.9168209055021235,0.04981984033394506,-0.6664537689684948,0.21917949838800407,-0.14706687990454242,-0.16647031897511672
-0.6722526392216382,1.5998611108011838,-0.3062986296493342,-0.6640452981412677,0.656109415043535,1.160990762612914,-0.9142075828643206,0.021015728723863945,-0.6581673542287907,0.20400025021278229,-0.1669397566818188,-0.17183210272158939
-0.6779144206441303,1.488540330344154,-0.2932984116127014,-0.6466103571737222,0.6316359064331627,1.1570820582761636,-0.9098513253165117,-0.00871186185408228,-0.6496556648965105,0.19033553991217844,-0.18543938364807416,-0.18699109082559356
-0.6826301203057533,1.3779270271811852,-0.2817848566475112,-0.6310186074089925,0.6045801665068192,1.151980288471056,-0.9036773525066152,-0.03935536681145283,-0.6409191819132241,0.1789895450542779,-0.20213710336091353,-0.21308977250002337
-0.6863088965381098,1.268096497632148,-0.2719934537105307,-0.6176324962931171,0.5744768964245286,1.144490323191181,-0.8956479023119408,-0.07072797483845722,-0.631975920564827,0.17002055679004313,-0.2165995935794003,-0.24998068418601935
-0.688980741084335,1.1591273774223898,-0.2641653078595368,-0.60656156944148,0.5410242908517751,1.1336798656714215,-0.8858793062321564,-0.10267425080016562,-0.6228439272242297,0.16351041445151648,-0.228769661640172,-0.293971041100159
-0.6907690590205201,1.0510931748259889,-0.2585218594547973,-0.5975543797317062,0.5041961321340571,1.1191135455290333,-0.874554159430008,-0.13499714183163347,-0.6135310724203621,0.15948744826161515,-0.23855763249280418,-0.33992244502126967
-0.6918551701340566,0.9440610586424627,-0.2552485291303582,-0.5900660521472564,0.464253010164968,1.1008269808029054,-0.8618332281921063,-0.16740518596898854,-0.6040427951380429,0.1578695952975549,-0.24567781366774846,-0.3834496806682215
-0.692447346656396,0.8380949075315186,-0.2544872670988748,-0.5833823208519682,0.42168660868841,1.0791786222482527,-0.8478571125594089,-0.19954580934450813,-0.594382909906696,0.15875676348327386,-0.2499222776660946,-0.421318066171422
-0.692761115568176,0.733265347771948,-0.2563404801113909,-0.5767844157065478,0.37710837478466397,1.0545988002994442,-0.8326195725524657,-0.2309658902056284,-0.58456155832635,0.16190899479359025,-0.2508378326139859,-0.453342916927582
-0.6930137669507462,0.6296609262808304,-0.26088025482265803,-0.5696586877553497,0.3311483073326034,1.0274110307793598,-0.8160696813631206,-0.26122031453946953,-0.5745989569430162,0.1669969628677452,-0.24824046507973244,-0.4801959984922789
-0.6934214172743766,0.5273924372569246,-0.2681527840836754,-0.5614881960010398,0.28441883418913577,0.9978398247854936,-0.7981721013562855,-0.2899239284881134,-0.5645091879017822,0.1737975220428011,-0.24235458978821453,-0.5022602670917089
-0.6941933606008747,0.42659491997104426,-0.27818059399204853,-0.5518248011628503,0.23749973942899053,0.9660598391563948,-0.7789032084290612,-0.3167497474006914,-0.554284841705299,0.1821345270638384,-0.23371749520345186,-0.5197799578247952
-0.6955241256618833,0.3274295038895451,-0.2909644448866335,-0.5402803174093168,0.19092332080627109,0.9322277695299293,-0.7582471126314634,-0.3414276060026651,-0.5438939899681499,0.19179223239688936,-0.22305622035438843,-0.5329460018197033
-0.6975840623173932,0.2300843765669869,-0.3064844255218298,-0.5265263004218058,0.14515895752469196,0.8965063376734941,-0.7361925361030168,-0.363741177894831,-0.5332793212100996,0.20255012568682218,-0.2112906178260452,-0.5419196589285993
-0.7005090790842838,0.13477457175867139,-0.3247002610927695,-0.5102968793728851,0.10059918666284719,0.8590844032208553,-0.7127286045783994,-0.3835234439826227,-0.5223628787888084,0.21415979555255407,-0.19942679410187253,-0.5468206863040925
-0.7043901158776084,0.041740237494376844,-0.3455507062237239,-0.49139159165561064,0.057547547535275155,0.8201957407131978,-0.6878420333017157,-0.4006502591521703,-0.511048564767161,0.2264069923317236,-0.18857431069348898,-0.5476891704766877
-0.7092627583933853,-0.04875652642544167,-0.36895219512381483,-0.4696745873138459,0.016212541052927246,0.7801346708941223,-0.6615108157071711,-0.4150331137394335,-0.49922883862568485,0.23915044843561745,-0.17976272615872133,-0.5444450229219332
-0.715097725871789,-0.13643641671642495,-0.39479675072536097,-0.4450725474621756,-0.023271796642308627,0.7392560728552018,-0.6336928639842584,-0.4266123805857233,-0.4868048341145732,0.2523252111964379,-0.17348254760481258,-0.5368876938113241
-0.7217945513198154,-0.22101024232548425,-0.42294823720974534,-0.41758827531721304,-0.06081635449588094,0.6979626925128075,-0.604332056085773,-0.43535330891186486,-0.4737014615009625,0.2656065736210786,-0.16981591943125435,-0.5248318371589797
-0.7291797212179898,-0.30218909975854547,-0.45323670930483495,-0.3873280754903962,-0.09637546370577244,0.6566986796477443,-0.573371247239812,-0.4412427904198444,-0.45986690682938447,0.2783934832034248,-0.1688345563754033,-0.5081455121189893
-0.7370085489528965,-0.37969573250376537,-0.48545226733804553,-0.35451791526147025,-0.12995838407213334,0.6159478483708543,-0.5407516366979476,-0.44428513220079974,-0.4452687570711628,0.2899893451644369,-0.17050336521791168,-0.48672403810169473
-0.7449707261426319,-0.453275433166558,-0.519339229458014,-0.31950146467253693,-0.16163187886796004,0.5762268112479875,-0.5064108673919258,-0.44449765202141356,-0.42988183313392325,0.2997397396878253,-0.17462069406122027,-0.4605061458473734
-0.7526999556675011,-0.5227053363968744,-0.5545904797553112,-0.28272494299451906,-0.19152226583605897,0.5380819462865751,-0.47028573171556387,-0.44190599011587145,-0.4136623442316519,0.3071445408158622,-0.18096443730549927,-0.4293816965821856
-0.7597859768803614,-0.5878003278563098,-0.5908405376878962,-0.2447160537496814,-0.21983650827794624,0.5020916531729731,-0.4322889872307968,-0.4365414316016009,-0.3964920500693002,0.31188163265738056,-0.18962609956490686,-0.39325564608126845
-0.7657835743028175,-0.6484138390771542,-0.6276588165522713,-0.20606656753377575,-0.2468094869467481,0.468835596115216,-0.39221076434908086,-0.428438215377824,-0.3782342550498629,0.31358988926664055,-0.19925404877960062,-0.35220481306134
-0.7702248767158973,-0.7044399527370178,-0.6645508150767668,-0.16741357283175165,-0.27259972645545205,0.43883560072275946,-0.349814303928668,-0.41765544273251876,-0.3588717290385242,0.31195905909262844,-0.20771381386882914,-0.3069224472290002
-0.7726425696223035,-0.7558187019179055,-0.7009731458553519,-0.12940026162293045,-0.2972770843743697,0.4125338129415695,-0.3049789746340124,-0.4042991935584887,-0.3385476600945409,0.3071567824930355,-0.21357073152049402,-0.2583210108524095
-0.7725952252702466,-0.8025354844481776,-0.7363534818572572,-0.09264118873687265,-0.32086379504781204,0.39029652567723394,-0.2576649466543489,-0.38852154534181305,-0.3174581504065593,0.2994591737237538,-0.21602272893405255,-0.20748824426258763
-0.7696855092321154,-0.8446119041789685,-0.7701085178782684,-0.057703149322419836,-0.34336009028942105,0.3724203043409343,-0.20786660844167176,-0.3705183541956175,-0.29582908680632775,0.2892910473355847,-0.21470843371212775,-0.15542621527667447
-0.763570281382179,-0.8820917287591913,-0.8016612236826247,-0.025110829129239936,-0.3647546160823754,0.35916788442165043,-0.1556006117204714,-0.3505202404236932,-0.2739066853206263,0.2769289759284073,-0.20959193657010827,-0.10255594676379484
-0.7539637951780147,-0.9150247669881487,-0.8304551358297211,0.004616426398428312,-0.3850298795632827,0.3508271948789711,-0.10088848816808217,-0.3287839621196428,-0.2519367536406623,0.2624045475548873,-0.2008378977565919,-0.04866634661972012
-0.7406355099063495,-0.9434493241903189,-0.8559640455351031,0.030923552059811874,-0.40417165481332173,0.34776431459943397,-0.04373129390733835,-0.3055849858929724,-0.230148655544986,0.24556866835835017,-0.18882241164769695,0.006940355798802457
-0.7234051262523484,-0.9673728813032526,-0.877697380482524,0.05319925441220461,-0.42218073284921337,0.35043564617567624,0.015906469927562665,-0.28121318807296364,-0.2087421391735751,0.22619247909315096,-0.17410372135261168,0.06414151765738013
-0.702155137525507,-0.9867578477778957,-0.8952106621512533,0.070910497570288,-0.4390461015546329,0.359048727735271,0.0775971253330156,-0.2559672037395947,-0.18787682396201866,0.2040550101399779,-0.15695130100239374,0.11847783571048802
-0.6769130361202387,-1.00153942010613,-0.9081510369562322,0.0837590029281395,-0.45462044580893435,0.3732582658569877,0.1399636295463529,-0.23012849000454588,-0.1676506376936552,0.1790924517741919,-0.13672605149199762,0.16499264257964483
-0.6478926692881681,-1.0116478558395328,-0.9162920539972444,0.0917157502347891,-0.4685446278865896,0.39221931715322433,0.2015489218676241,-0.2039283028803249,-0.1480760437086698,0.1515453911558813,-0.11264263067544596,0.2001084327128328
-0.6154741601183703,-1.017027238555469,-0.9195444401505726,0.09500756107895485,-0.4802796595323697,0.41474936641574744,0.26100206887967825,-0.1775288126533776,-0.12906673669595614,0.12199001576369348,-0.08418635818766368,0.2221325550082461
-0.5801638432510562,-1.017656616704878,-0.9179574278566535,0.09407782811882791,-0.48918613343841216,0.4395078247124601,0.3171482100706391,-0.1510208561556747,-0.11043800880425046,0.09129581279521587,-0.05116852132370327,0.23107542212194834
-0.5425444897725915,-1.0135667924671334,-0.9117104143920105,0.08953720900781907,-0.4946031471003116,0.4651392038834126,0.36903670641766195,-0.12443424585378876,-0.09191793401712928,0.06050586662122231,-0.013586879842708363,0.22805757688679024
-0.5032249246355375,-1.0048486440667437,-0.9010956612663638,0.08211051238744993,-0.49589487922244097,0.4903655599632619,0.4159676404252178,-0.09775325502448709,-0.07316341261280132,0.030687034873777195,0.028520474656445294,0.21473480019397823
-0.46279466216883114,-0.9916516692508826,-0.8864931354748129,0.0725839420728564,-0.4925506291446732,0.5140290742702316,0.45752260820836316,-0.07093169079639328,-0.05380055293784531,0.002775347425893911,0.07329031703769479,0.19284647995432022
-0.4217876413570416,-0.9741747101927971,-0.8683375114380114,0.06175273101467929,-0.48439447149330095,0.5351015621908995,0.4935350462074766,-0.043903514319403904,-0.033510759972804754,-0.02238291686927249,0.11759537475180395,0.16394777866645893
-0.3806615501496423,-0.9526542705713158,-0.8470829472630943,0.05040708096071812,-0.4715933039627235,0.5526993453804461,0.524023777259208,-0.01658470253969874,-0.012067459968348236,-0.043463658377867954,0.15894210206381323,0.12922507513729942
-0.3397896063771813,-0.9273534189218778,-0.8231710289717304,0.03932357069182544,-0.4545601140506709,0.5660812128289712,0.5491441590790929,0.011111641282622256,0.010660834283446358,-0.05955360214793154,0.19583348985646037,0.08933519250607187
-0.2994545197058144,-0.8985553276200762,-0.7970095094951828,0.029200887648652286,-0.43384057514205304,0.5746155588419498,0.5691489008252082,0.03916001498990555,0.034592499695478646,-0.0705315414444674,0.22763202376295277,0.044321337476795536
-0.2598333866615275,-0.866565866591532,-0.7689706386766857,0.020609259562394375,-0.4100374023260687,0.577725848968305,0.5843599946166,0.06739167473416759,0.0594145139262284,-0.07685324046992022,0.25398259489415126,-0.0063515177709071845
-0.220992451827359,-0.8317138410290554,-0.7393866481521546,0.013970408399859512,-0.3837859387377964,0.574852159998294,0.5951443110188344,0.0956380273623408,0.08473218091298125,-0.07916246165845942,0.274477928134905,-0.0626514058022374
-0.18289345580171532,-0.7943458987632098,-0.7085446472627139,0.009456530245509725,-0.355749992149013,0.5657175235456976,0.6018938242621298,0.12370732854472201,0.11010049574619923,-0.07813547501745954,0.28864813855393945,-0.12054553151467189
-0.14541555199679976,-0.754813034599482,-0.6766867694285382,0.006941658660824302,-0.32661529087151,0.5505739235083187,0.6050096185457108,0.1513518440570977,0.135051431496822,-0.0744790548117313,0.29601301200735053,-0.17524270918540272
-0.10838739548057633,-0.7134571010042696,-0.6440145783809037,0.00609420099687866,-0.2970855841573398,0.5301213572256307,0.6048887650107256,0.17827924049517016,0.15912233559342556,-0.06894348863824104,0.296124357938689,-0.22293307489450512
-0.07162105971328661,-0.6706027222471381,-0.610694813543033,0.006487916204115025,-0.2678861188547351,0.5053395266678743,0.6019142965916212,0.2041803210925326,0.18188383808797404,-0.06230490490786092,0.288615857111908,-0.26129530092037334
-0.03494252307919446,-0.6265541731053226,-0.5768639081440876,0.007692378538350196,-0.23976585536040626,0.47731554871159515,0.5964482710869858,0.22875992442336504,0.20296477857350315,-0.05530874720237801,0.27326449486777415,-0.28945011355629224
0.0017843033634000873,-0.5815950579788811,-0.5426301527307698,0.009331404629253009,-0.21349216848192054,0.4471133419739511,0.5888268598959461,0.2517618202380185,0.22206951237760517,-0.0485771496330734,0.2500265348133158,-0.30758040382598845
0.038641020964013326,-0.5359885261794908,-0.5080736166961494,0.011106056619414174,-0.18983103685033573,0.4156990297879827,0.5793589269790891,0.2729830282496864,0.23899386715211837,-0.04267498111938385,0.2191790828736125,-0.31647776851854453
0.07564544592287553,-0.4899764181480184,-0.47324514142502094,0.01279394622744007,-0.16951467546141347,0.38391302297131397,0.5683242368901815,0.29227883456027437,0.2536307398579568,-0.03801596931525252,0.18134431570061582,-0.3171910290726409
0.11274847282883436,-0.443777256000664,-0.43816630060928075,0.01424684511601177,-0.15321554850937355,0.35247002933180344,0.5559681432049807,0.30956051004430907,0.26595724914571583,-0.03472535511199428,0.1372870850799166,-0.31082693503431674
0.14983538500535634,-0.39758418569742104,-0.4028312888717896,0.01539111892174894,-0.1415380966154112,0.32197017662279015,0.5424967042967638,0.32478863536201114,0.276011191095891,-0.03263289851531459,0.08772590570616587,-0.2984674699624592
0.18672992001377453,-0.3515639754630153,-0.36721075240712353,0.016225713556482297,-0.13502629583929207,0.2929113442702287,0.5280742696499738,0.3379645547127715,0.28386471017277193,-0.031344333340934435,0.033189859275904905,-0.28114077537268234
0.22319959817574406,-0.3058577016408333,-0.33125729711367286,0.016815682166413944,-0.13418431525786353,0.2656987876877678,0.5128219514258808,0.3491215773238003,0.2895997934660138,-0.030323095636343885,-0.02601137953470587,-0.25981183325316326
0.25896058431074875,-0.26058339532848945,-0.2949130642081821,0.01727912907490323,-0.13938444590125104,0.24065374365707048,0.49677927596490973,0.35831657074674517,0.2933283700899079,-0.029002716924900637,-0.08660991816982438,-0.2353691546400028
0.29368921314181673,-0.21583824547374392,-0.2581230671918941,0.01776168913641038,-0.15043807968891795,0.21802863993096486,0.4799353031912573,0.3656222460955434,0.29531372985534254,-0.026860441813519792,-0.1417888622220051,-0.2086029665465624
0.3270508793814461,-0.17169819839968362,-0.22085211424800744,0.018404906836762585,-0.16652914277687805,0.19801621023115254,0.46231331966690026,0.371121118693782,0.29595314980796494,-0.023504096362279996,-0.18632784968894528,-0.1802426552135631
0.35872972009074083,-0.12821978532416412,-0.18309763915504976,0.01932339865839413,-0.1864476958076686,0.18074981021045977,0.4439762016390358,0.3749014197838968,0.2956751370482821,-0.018714014727172216,-0.21767325391507078,-0.15100015311608017
0.38844918626937674,-0.08544521767546635,-0.14489549272254054,0.020596109087848754,-0.20885357870725937,0.166301445457538,0.42500841474758,0.37705421976509274,0.2948505692714094,-0.012428985190279582,-0.23568210396512773,-0.12158668694159099
0.4159823338601156,-0.043409295035786256,-0.10631921005056935,0.022269527488946655,-0.23247772970760883,0.15468051390813906,0.40549448763262164,0.37767095286771557,0.2937433890636524,-0.004720685935194013,-0.2417565505043595,-0.09270599171444277
0.4411541842218587,-0.002146406037248566,-0.067475037530847,0.024367277741548378,-0.25623378267981217,0.14583567809743683,0.385502861959728,0.37684119836255114,0.29249911790813177,0.004243271340928655,-0.2380054161009768,-0.06500290262291591
0.46383927056898033,0.0383036502824312,-0.028495125087683846,0.02689720084455142,-0.2792565357811043,0.13966347764029172,0.36507927176854993,0.3746496672135485,0.2911593277772626,0.014150373536040076,-0.2266505893815078,-0.03896879012121321
0.4839567625565226,0.07789180299767932,0.010469326580694549,0.02984738236878778,-0.3008975247485947,0.13601782179737978,0.3442455190937693,0.3711740069640661,0.2896880915297859,0.024535042439246174,-0.20975582077997548,-0.015004141543593941
0.5014647601347435,0.11655796052109509,0.049253985257524405,0.033185285392510804,-0.320700766807178,0.13471570110844372,0.3230022342475052,0.3664846230351514,0.2879973668890159,0.034879583774001535,-0.1890937396357372,0.0065695321243718
0.5163546232559162,0.15423089349782762,0.08768594915917877,0.036862195276714915,-0.3383727247922637,0.13553537426975787,0.30133133217338465,0.36064467471439693,0.2859656269655325,0.044670839078172306,-0.1661583689442422,0.02529159053634238
0.5286462733823748,0.19082894164846956,0.12558703329779033,0.04083022674798488,-0.3537523494143283,0.13818163498604488,0.27919857763457395,0.35371200526176816,0.2834505052580628,0.05344049403341424,-0.14217668128483632,0.04045886214732637
0.5383844855444953,0.22626134087793828,0.16277586777681444,0.04504799676941373,-0.3667844841383716,0.1422933205174159,0.2565556481930481,0.34573769195059495,0.28029582202163256,0.0608024206613595,-0.11813785233387493,0.05174091775387745
0.5456346905189526,0.26043079809089975,0.1990685913422879,0.04947399316152596,-0.37749797285096015,0.14748483226675566,0.233349332234063,0.33676364559282973,0.27633578048746976,0.06647639097887771,-0.09482204009483312,0.05919028710403486
0.5504783135150683,0.29323690685645504,0.23427850969454178,0.054059623327964115,-0.3859856635810303,0.15338158578481462,0.20952796757971762,0.3268218554273175,0.27139933518069254,0.07028791025914084,-0.07279923229681363,0.06313022168118364
0.5530078256736335,0.32457969871916503,0.2682152338879431,0.0587443225715488,-0.3923836946833578,0.15964477529034662,0.18504365730236827,0.3159352661920475,0.26531667174077794,0.07216206885228982,-0.05241216099382346,0.06404457094171898
0.5533218282951986,0.3543628240808219,0.30068398805182,0.06345356631973198,-0.3968515882104204,0.16598615510790127,0.15985591293293255,0.30412013754254447,0.2579288317170421,0.0721109702314251,-0.03380715325384166,0.062491937468581144
0.5515205388879747,0.38249608522308776,0.33148586385170403,0.06809878391661135,-0.39955443895909415,0.17217483672470152,0.133937228191815,0.2913894252289305,0.24910042472818192,0.07020340561388061,-0.016946702061673296,0.05904271128015698
0.5477018562409733,0.40889721490557324,0.36041941171964076,0.07257683275213213,-0.40064843497777874,0.17803726815061097,0.10727644145313416,0.2777564516150121,0.23873108860846082,0.06650715359901241,-0.0016680296340420612,0.054222067502872444
0.5419578452093364,0.4334928561480753,0.38728416514547387,0.07676856410448803,-0.40027278411119716,0.18345204566473464,0.07988330832561243,0.2632388099869762,0.22677714024788723,0.061061379048814104,0.01220762251386415,0.04848350216411689
0.5343714210367404,0.45621873235124133,0.41188609512234603,0.08053739937527982,-0.3985591623591011,0.18834177485560816,0.05178857346417238,0.24786170513980382,0.21326190091166894,0.05386159706632103,0.024705476042139657,0.04221316743240311
0.5250129657498621,0.4770190954606869,0.4340430383534382,0.08372869647695667,-0.3956347013893933,0.192665719117398,0.023032296850468047,0.23166027472354478,0.19826336633871966,0.0448835301023948,0.03597540071482503,0.03573960867533605
0.5139374969412541,0.49584558433481635,0.45358890993996953,0.08617215080512595,-0.39160632087167807,0.1964158314212123,-0.006343360792088396,0.21467945257365403,0.18189923675071465,0.03413611554648441,0.04631163929786522,0.02935864781954255
0.501185913530878,0.5126561041316285,0.4703780445100547,0.08768934510422828,-0.3865517202808974,0.19961434180742796,-0.03618870145261355,0.1969723312927932,0.16430837939265672,0.021717425864340778,0.05602459928181935,0.023337694193724272
0.48680286962599056,0.527416309377787,0.484294951817162,0.08810726494042494,-0.3805223992764441,0.20230618960009564,-0.06612394566248073,0.17859708392482107,0.1456361125639566,0.0078371051047943,0.06540941969263013,0.017840616859318693
0.4708483633985284,0.5400994280718797,0.4952598867685603,0.08727376489982969,-0.37353408398135296,0.20454593800234552,-0.09574925263479642,0.15961504733249876,0.12602223169180748,-0.007198693949729086,0.07491352646367073,0.012910863487225964
0.45339838839193314,0.5506837599071028,0.5032287205659971,0.08507692739030535,-0.36555289428343485,0.2063875905664393,-0.12468245527783738,0.140089815438407,0.10558933775560982,-0.022817450191363085,0.08507172099693981,0.008512290767256995
0.43454462491151347,0.559150085805094,0.5081916879385578,0.08147924946130991,-0.35649032842670775,0.20787806152476057,-0.1525663534791494,0.12008475925304861,0.08443146601338075,-0.03820434253309635,0.09642071302020065,0.0045701612124625195
0.4143933217248757,0.5654791750371406,0.5101711849964798,0.07652826770880818,-0.34620631015050496,0.20905283328438046,-0.1790751566545152,0.09965875164209809,0.06260963519948756,-0.05256122028546558,0.1094292705394519,0.0009857976650442027
0.39306311680255673,0.5696500006800378,0.5092185941749139,0.07035196932643759,-0.3345186235488583,0.20993190013705004,-0.20392003750173993,0.07886448180475827,0.040151774623855725,-0.06517712538169951,0.1244434171558296,-0.0023620106327580295
0.3706818014800858,0.5716388922231666,0.5054101140597468,0.06314794419048136,-0.321217325473585,0.2105155043970138,-0.22685369521423765,0.05774730063536874,0.01705510017067408,-0.07548337631453964,0.1416451881716886,-0.005622282916412578
0.34738219238591644,0.5714196005154282,0.49884159052727656,0.055167321851824644,-0.30608288144686147,0.21078006116325712,-0.24767389081834318,0.03634447293269432,-0.006708527600980462,-0.08309100775596509,0.16102428277467062,-0.008982381818898834
0.32329636346985113,0.5689637539964543,0.48962587092925336,0.04669554764858593,-0.28890746203288775,0.21067397345810612,-0.2662254492419782,0.01468473631928236,-0.031077326106862722,-0.08780482542577205,0.18233357611237969,-0.012675497737438576
0.29854584773384096,0.5642406106866535,0.47790437591501783,0.03802980928533179,-0.2695264766576645,0.21011507998361081,-0.282399238645228,-0.007210661262831297,-0.055795687429345195,-0.08964882973575401,0.20493573786701388,-0.01696829221314047
0.27323506015935606,0.5572211983779265,0.4638512924643076,0.029457033850600986,-0.24786486782977965,0.2089914633352746,-0.2961326238555694,-0.0292644455061823,-0.0805726999146979,-0.08878131373031188,0.22771308237275237,-0.022126473426961564
0.2474475436235121,0.547891742209065,0.44766837899750755,0.021239284120315772,-0.2239817018476952,0.20717080902081333,-0.30740785165524587,-0.051307250528837924,-0.10509354164819679,-0.08543118165148247,0.24916856905724746,-0.028322323260763622
0.22124615096479525,0.5362618728645712,0.4295784984917669,0.013597836343248943,-0.19809387074568638,0.20451858064070397,-0.3162448341504332,-0.07316944234236987,-0.12901956027043396,-0.0799281277439395,0.2677167464392282,-0.035593998988035815
0.19467722006357863,0.52236740965438,0.40981857716644976,0.006700620089384386,-0.17057052425625613,0.20091647217246594,-0.32269366236518743,-0.09469048442638803,-0.1519982578369705,-0.07266301076444304,0.28195099070380775,-0.043847107444798014
0.1677770688262315,0.506271764642257,0.38863237119272154,0.0006574907577981086,-0.14190673134376872,0.19627746165563278,-0.3268284811796237,-0.11571924675963292,-0.17368007982378034,-0.06405521054890771,0.29077745037034686,-0.05286036482864899
0.14057977120873988,0.488065823843856,0.3662631791352141,-0.0044777674148672635,-0.11268868863815022,0.19055653771110753,-0.3287418234288341,-0.13611420207445524,-0.193737792905249,-0.0545293227682146,0.29344816708068844,-0.062300774957827404
0.11312520215332836,0.467866204349484,0.3429466709317685,-0.008700325965549769,-0.0835591944001621,0.18375697899706894,-0.32853943069978236,-0.15574369463283716,-0.21188451600414648,-0.04449789747161836,0.28953002043579035,-0.0717504380902545
0.0854664647542251,0.4458119862538368,0.3189040904928956,-0.012043933295448084,-0.055188173355092913,0.17593250959099765,-0.3263356778728014,-0.1744864048270726,-0.22788767119757344,-0.03434817159095812,0.2788467692419511,-0.08074347220717712
0.057676031125462816,0.42206020500535485,0.294336182931037,-0.014569089375937741,-0.028249581869293817,0.1671857607007639,-0.3222495770428315,-0.19223204825528933,-0.2415775747473668,-0.024430788268667375,0.2614219933250921,-0.08880916701388863
0.029850183294988192,0.3967805387449942,0.26941826011406217,-0.016351305725071184,-0.003403722168629067,0.15766288367410478,-0.31640100582787956,-0.20888230771518307,-0.2528505935154532,-0.015048495765207975,0.2374387844638304,-0.09552639800452897
0.0021115487681169108,0.3701497185352318,0.24429682534278221,-0.0174706280321444,0.018716872084237158,0.1475446524408105,-0.30890742700118295,-0.22435180914069294,-0.2616674812674669,-0.0064434117765555295,0.20721687817712742,-0.10056377153290812
-0.02539029398285443,0.34234618176756,0.21908812404537936,-0.01800312093658933,0.03751953602091782,0.13703620232857738,-0.2998813956380812,-0.23856880749475742,-0.2680478163569769,0.0012156537833785406,0.1712000649952283,-0.1036862731395176
-0.052479963161007226,0.3135453865296734,0.19387886924706593,-0.01801525244327608,0.052462319945024115,0.12635702354469694,-0.28942880462206155,-0.2514756975224669,-0.272061755151366,0.007817296315215732,0.12994524798591775,-0.10475321796881223
-0.07895886451476199,0.28391600006774076,0.16872922146529232,-0.017564209225448393,0.06306313878131521,0.11573225170051522,-0.2776484004961094,-0.2630289421613134,-0.27382087496059854,0.013294302186302853,0.0840994559839637,-0.10369484562287722
-0.10460888458859664,0.2536171905402567,0.14367788875558282,-0.016696468872389524,0.06890575265908586,0.10538500458776145,-0.2646327140560284,-0.2731976354379455,-0.273467419326599,0.01768401098756775,0.03435757112310368,-0.10050969431145097
-0.129196907897905,0.2227972170023976,0.11874897951884343,-0.01544564279998342,0.06964063433836976,0.09552976142822192,-0.2504714206289337,-0.2819623872476328,-0.27116297148042406,0.02110737583074927,-0.01856742271361999,-0.09524293611862997
-0.15248165978226216,0.19159304390408963,0.09396038309793751,-0.013834039378283291,0.0650599453040957,0.0863656384792086,-0.23529029282283037,-0.28931427270491655,-0.2670905664534385,0.0237367064578084,-0.07170382784114353,-0.08798767191516212
-0.17423146356508357,0.16013015514249856,0.06933518661965718,-0.01187931003335036,0.05545292543778248,0.0780645874440022,-0.2192790242103801,-0.2952540766662629,-0.2614936171643119,0.025761082102501488,-0.118802597006196,-0.07892388175308557
-0.19424551624885253,0.1285232891576022,0.04491397625896761,-0.00960401399975625,0.04168472395789542,0.07076378688278227,-0.20262279078996415,-0.29979164812463605,-0.25465769193531035,0.02734870169885416,-0.154997315204701,-0.06833362157074013
-0.2123663179145901,0.09687856995952783,0.020762037126704665,-0.007042504262614702,0.024979128897886997,0.06456469984485387,-0.1854701097279635,-0.30294501866380624,-0.2468553712605477,0.028619743784442826,-0.17798588601677212,-0.05658285716944383
-0.2284826515876879,0.06529624695067351,-0.003029910432176431,-0.004243536729849398,0.00666519718191328,0.05953491255361127,-0.16792337603697743,-0.3047392899836918,-0.23830565100956663,0.02963304762228518,-0.18781659632513426,-0.0440863045220837
-0.2425256434777141,0.033873307115891475,-0.026349816995343715,-0.0012693222183082391,-0.012018778959402598,0.0557105704095048,-0.15004418227131425,-0.30520540320970735,-0.22915812718741255,0.03038859119425338,-0.18606890197311746,-0.031273772114771815
-0.2544613358380175,0.0027055127213696318,-0.04907081994624916,0.0018074871679707662,-0.030034156606499048,0.053099308507965674,-0.1318659384466226,-0.30437897885830933,-0.21949772173889429,0.030837318079770422,-0.17501100495956026,-0.018539933892861783
-0.26428241667220975,-0.02811127905571128,-0.07105822246706157,0.004907365126731825,-0.046578357108214806,0.05168297782125568,-0.11340632667288722,-0.3022992432715433,-0.20936031184314335,0.030894531033802186,-0.15701702827188707,-0.006236986578853137
-0.2720005717780119,-0.05848043597252566,-0.09217582865563755,0.00794727293727625,-0.06107787438567006,0.05141864107134085,-0.09467677763377337,-0.29900824308442375,-0.1987506451554635,0.03045537130199752,-0.13427186010340286,0.005317500821271215
-0.2776400662221142,-0.0883043534408407,-0.11229118330941662,0.010843768063322294,-0.07316261544768682,0.05223583646056444,-0.07568879424767763,-0.2945503040730941,-0.18765782207034065,0.029409446886382286,-0.10867532110441606,0.015764031561089596
-0.2812328227530608,-0.1174845647126292,-0.1312797306279705,0.01351650663943341,-0.08263647941091179,0.05402665225149767,-0.05645785160077966,-0.2889714172541963,-0.1760683396858306,0.027659183716849185,-0.08184983618797492,0.02473128146465222
-0.28281471491574955,-0.1459220688326165,-0.1490280125087897,0.015890360944611808,-0.08945140263798933,0.05665380641854783,-0.0370050026768967,-0.28231779709044497,-0.16397467115760303,0.025133343831977153,-0.05518839460912124,0.03205299253153249
-0.28242242175025095,-0.17351782381300818,-0.1654358547474713,0.01789568236214933,-0.09368707152232314,0.05996848256507299,-0.017357301754551524,-0.2746349571095174,-0.1513790941384107,0.02179374707209248,-0.029906645650342404,0.037750727346210954
-0.28009080436661654,-0.20017325498814606,-0.18041753996095752,0.019467905050138193,-0.09553538196390064,0.06382553292414833,0.0024521761882441697,-0.26596727055293506,-0.13829541144079485,0.017640317452142024,-0.00707711205576277,0.04198945520386953
-0.2758521154659569,-0.22579071737571363,-0.19390216118368087,0.0205474216571312,-0.095286663091969,0.06809479464458038,0.022344762993459843,-0.2563578678273093,-0.12474912867232724,0.01271392592808705,0.012364146806734668,0.045023858961703626
-0.2697434399597468,-0.2502743102763523,-0.20583385743695096,0.02108036775976376,-0.09332574333282466,0.07266563416126143,0.04213073975678292,-0.24584867967467583,-0.11077780682321363,0.007094147882395991,0.027415828157967642,0.04710361742738815
-0.2618129465144046,-0.27353055174768964,-0.21617105198327766,0.021020239191426305,-0.09012308864838675,0.07744354396280233,0.06159661578827654,-0.23448052966893523,-0.0964321277678141,0.0008923435332873319,0.03748794912709596,0.048412769325761176
-0.25212201075423674,-0.2954687537096377,-0.22488453908230624,0.02032979765656106,-0.08617104507722116,0.08234559347027741,0.08052213573931184,-0.2222931365194169,-0.08177445538521043,-0.005745967049189923,0.04270708490566003,0.049060454702913134
-0.2407480071891927,-0.31600146604037055,-0.2319553322808827,0.018986446540199625,-0.08192011474571972,0.08729594026801553,0.09868642895409682,-0.20932518332368286,-0.06687328104566669,-0.012597058796607616,0.04374332375385186,0.04908294752543318
-0.2277869166786023,-0.33504507054000254,-0.23737266393633352,0.016988755293876445,-0.07773569723790517,0.09222145888619841,0.11587610814788117,-0.19561565154146762,-0.05179582880591822,-0.019406340295039556,0.041592215485487784,0.048455938460808645
-0.21335488028729527,-0.3525206011868843,-0.24113237118287031,0.014358474504038096,-0.07387602037864588,0.09704802450150718,0.13189364815939927,-0.18120448935113154,-0.03660170247040155,-0.025915017332298947,0.03737744508490317,0.04711556520825072
-0.19758822761423797,-0.36835468836891383,-0.24323576381858147,0.011140638432379443,-0.07048758897802505,0.1016980146387237,0.14656483444006332,-0.1661327603684635,-0.021338028233792977,-0.03188287120520351,0.032201174574898433,0.04498365162718353
-0.18064186080074499,-0.382480513869432,-0.2436889441748945,0.007401645264112773,-0.06761315440139735,0.10608938238740279,0.15974460412158903,-0.15044255525948988,-0.00603673846534482,-0.03710501947058704,0.027043141306483727,0.04199237117363827
-0.16268613489744815,-0.39483865591739553,-0.24250253065097632,0.0032260615387603533,-0.06520774187327742,0.11013628571967812,0.17132098206324528,-0.13417684778546282,0.009280998682995308,-0.04141752442126035,0.022697828548911014,0.038102668981383314
-0.14390235054815984,-0.40537768528424006,-0.23969475236805865,-0.0012873507051229269,-0.06316002801175591,0.11375100824346453,0.18121730718456602,-0.11737915665863827,0.02453669501148373,-0.04470334383924845,0.019720297074090055,0.03331580400809175
-0.12447720054473443,-0.4140545137742768,-0.2352988946659538,-0.006030568002107516,-0.0613197438120528,0.11684680698420538,0.18939292734593385,-0.10009340562328162,0.039610691916103974,-0.04689788817343122,0.01836406131951084,0.027676392953509134
-0.10459734835197097,-0.4208345945066869,-0.2293644874936379,-0.010891569186919187,-0.05952864443887681,0.119341337982253,0.19584161547552892,-0.0823637272938372,0.05439150897233454,-0.047984095374416315,0.01857283865873897,0.02126881653068653
-0.08444444449715315,-0.4256918490903454,-0.22195605284266684,-0.01575907269135594,-0.05764979546570054,0.12116024869477834,0.20058809081342294,-0.06423417340543192,0.0687726607210016,-0.04798332358489939,0.020014059732164614,0.014207671201002772
-0.06419096125946457,-0.42860832481346184,-0.2131514160037996,-0.020526496121760936,-0.05559177869827312,0.122240359016371,0.2036831627494662,-0.04574832960961429,0.08264870820148233,-0.04694743695814167,0.022143046068608202,0.006623507513999362
-0.0439972010221063,-0.4295736489205842,-0.20303967841391377,-0.025095001308357255,-0.05332500201272697,0.12253178348740754,0.20519801897555903,-0.026948836389302993,0.0959128696926691,-0.044950861694563866,0.02429332806608434,-0.0013542783540055467
-0.02400961513842523,-0.42858435045868604,-0.19171899251871716,-0.0293755436987361,-0.05088814787824413,0.12199923701026422,0.20521836097744564,-0.007876852115633614,0.10845669596581735,-0.04208358625441548,0.025780582334565823,-0.009583899119768896
-0.004360342099596562,-0.4256431180524733,-0.17929430716814448,-0.033290228105245,-0.048384460807054004,0.12062839192388017,0.2038389093445629,0.011423554909878817,0.12017173900892285,-0.0384478988539146,0.02599632058375648,-0.017851344714184515
0.014832616477608526,-0.42076103950318555,-0.16587514438363765,-0.0367749745836035,-0.04596948894170265,0.11843041855894827,0.2011587533505265,0.030838659253785164,0.1309527190509351,-0.03420212730451448,0.024483381594152507,-0.02593454452450434
0.03346499427519792,-0.4139643386502248,-0.15157345527047028,-0.03978405632319769,-0.04383348098675554,0.11544256808912527,0.19727743801943706,0.0502018593980325,0.14070148519033776,-0.02953032716723574,0.0209705105497989,-0.033595816578080605
0.051444628158956854,-0.4052950631930209,-0.13650200088958953,-0.042288862298616135,-0.042182175824783424,0.11172877838962182,0.19229190137460994,0.06935046406860888,0.14933164311082087,-0.024596639124609205,0.015373607784802065,-0.04058883299793137
0.06868938911124312,-0.3948094738782767,-0.12077322050700011,-0.04427487887876056,-0.041216694666192696,0.1073781862622381,0.18629511704770035,0.08812952533599432,0.15677271240281676,-0.019540948831463616,0.00781808875043786,-0.046678814131279424
0.08512521955338491,-0.3825762851885585,-0.10449853944362118,-0.04573873744973154,-0.04111481311733459,0.10250120655707752,0.17937459598070207,0.10639398077929643,0.16297276207167694,-0.014478169665773633,-0.0014037320306408822,-0.05166644053168378
0.10068442225761806,-0.36867487722607567,-0.08778808028962809,-0.04668564213632436,-0.04201535967237316,0.09722353776131482,0.17161081295384878,0.1240105200591231,0.16789957699639285,-0.009498557112268517,-0.011821448833970433,-0.05540646699575128
0.11530434804230794,-0.35319356354751125,-0.07075072655982036,-0.047127296542116955,-0.04399586383099105,0.09167873260256983,0.16307624008031646,0.14085905177382477,0.1715415413786554,-0.004668455968033275,-0.02271614852740863,-0.057813419126877486
0.12892692809717077,-0.3362279437367422,-0.053494456828461726,-0.04708035014757455,-0.04705570344171304,0.08600100985421597,0.15383832447127263,0.15683369989919382,0.17390668965017417,-3.13151178024099e-05,-0.03328271989973115,-0.05886100143069873
0.14149901885639687,-0.31787939403555965,-0.0361267629950547,-0.046565460851392966,-0.051114535328562215,0.0803196017731409,0.14396186245879952,0.17184324302202678,0.17501938443264486,0.004381816889932233,-0.042746491344074364,-0.05857391167297399
0.15297322160738605,-0.29825374238111907,-0.0187549855890827,-0.04560828592490252,-0.056020133165765665,0.07475467295110129,0.13351116420226453,0.18581106668765993,0.1749162274846197,0.00853161190912533,-0.05044428360855574,-0.05702164426514913
0.16330887421904447,-0.2774601038279132,-0.0014864464102515645,-0.04424031854986609,-0.06156322516910396,0.06941471247890181,0.12255122212227562,0.1986751276313824,0.17364182709213127,0.01238649384025997,-0.055883483882635185,-0.05430841703664185
0.17247290159583648,-0.25560989188554956,0.015571692650522544,-0.04249829023042549,-0.06749649577272247,0.06439502383703992,0.11114775246055733,0.2103873557334758,0.171244800009153,0.015920869978169046,-0.058768490230585224,-0.05056829182721396
0.18044032006407812,-0.2328160150138662,0.03231285996691882,-0.04042378177667237,-0.07355457846685765,0.059776701149272964,0.09936674683071019,0.22091274517650114,0.1677748189340813,0.019107389982384478,-0.058997596602767724,-0.045960689120975874
0.18719430887790905,-0.20919222073565044,0.048631758953855964,-0.038063049224678035,-0.07947234227029404,0.055625808448503795,0.08727353960431858,0.23022826010450914,0.16328095171524637,0.021912063680895887,-0.05663627512952561,-0.04066551237219518
0.19272586972160322,-0.18485254565626544,0.06442524196713954,-0.03546689395938353,-0.08500007380485637,0.051992713340220785,0.0749320973679135,0.2383216207001036,0.15781122970591044,0.02429221928463318,-0.05188591214952255,-0.0348763776679137
0.1970331650819419,-0.15991083580973364,0.07959329772172027,-0.032690504206881146,-0.08991471384163317,0.04891165446406573,0.06240449280341345,0.24519001907515767,0.15141317563613074,0.0261961356281545,-0.04504005879812353,-0.02879264882561806
0.20012064294079623,-0.13448031426037066,0.09404008668112442,-0.029793193838145562,-0.09402713523955528,0.04640063996549108,0.04975047087533461,0.2508388068797359,0.14413512647240223,0.027565678196642573,-0.0364517975785655,-0.02261112216342509
0.2019980510099528,-0.1086731859543184,0.10767501696860596,-0.026837982300070198,-0.09718633173304425,0.044461679555625314,0.037027366961793304,0.2552802094017117,0.13602867194597992,0.028339716977467986,-0.026506408566640348,-0.016519900983991614
0.2026794362524574,-0.08260028174323929,0.12041383076088584,-0.023891195095846064,-0.09928108236781655,0.043081572483157374,0.024290142321001282,0.2585320856566953,0.12715053354897546,0.02845563206190673,-0.01559926447932065,-0.010687769546012206
0.202182199665089,-0.05637075098797934,0.13217959178318572,-0.021022228101114534,-0.10023959024052448,0.042233774725078596,0.011591512598240119,0.260616768492635,0.11756328260407434,0.027852111264427205,-0.004117740866872095,-0.0052498225663630445
0.20052625981544808,-0.030091820615749915,0.14290345419104922,-0.01830295994797843,-0.10002766139435981,0.04188164723193974,-0.001017585498249625,0.2615599894724969,0.1073345871277871,0.02648192846701843,0.007560218852805705,-0.0002929382723125697
0.19773381215030217,-0.0038686298756609896,0.15252521689728782,-0.015806309026694564,-0.09865379724767262,0.04198250549043952,-0.013471622197045808,0.26138991385534405,0.09653625739080236,0.024323084411040526,0.018918890533159437,0.004138587286559509
0.19383206831759903,0.02219593892347838,0.1609938897024167,-0.013603820162927268,-0.0961816110465432,0.042489570263224155,-0.02566407547526407,0.26013627730925964,0.08524324968552814,0.021386861815605607,0.02940850102353434,0.008007273902771462
0.18885517719134814,0.04800129056998729,0.16826783954894187,-0.01176251702785859,-0.09272172839866119,0.043351331116870256,-0.037488247925203125,0.2578296509681627,0.07353256926565453,0.017722497724931206,0.03863410643587112,0.011284123237642855
0.18284373138308269,0.07344898146103634,0.17431439859281117,-0.010341793915036621,-0.08841451413015411,0.04451252825472029,-0.048847119508581206,0.2545008460389973,0.061481831161822764,0.013416830035214412,0.04637965542819183,0.013958345824221466
0.1758443566620034,0.09844255752959988,0.17910928907737503,-0.009390555455413622,-0.08341264817833159,0.045915591314377655,-0.05965372937816972,0.25018047256606923,0.04916729640615145,0.008590518096986677,0.05259528922039573,0.016033710468115078
